RESULTAT,SPECID,EXTID,ANALYSIS,VALUEPPM
2023-06-13 12:00:00,S1pyWI,10000,ID01-FD,677
2023-06-13 12:00:00,eaVuYv,10000,ID02-SV,822
2023-06-13 12:00:00,hmayJ8,10000,ID03-MB,176
2023-06-13 12:00:00,26J8HA,10001,ID01-FD,55
2023-06-13 12:00:00,gWuw1O,10001,ID02-SV,709
2023-06-13 12:00:00,Htqnsx,10001,ID03-MB,161
2023-06-13 12:00:00,rWzkLR,10002,ID01-FD,761
2023-06-13 12:00:00,5H0LIl,10002,ID02-SV,452
2023-06-13 12:00:00,GuhR5e,10002,ID03-MB,1108
2023-06-13 12:00:00,B4kvRf,10003,ID01-FD,1041
2023-06-13 12:00:00,ZUPQuI,10003,ID02-SV,1007
2023-06-13 12:00:00,8RegBo,10003,ID03-MB,933
2023-06-13 12:00:00,G8ZsE2,10005,ID01-FD,577
2023-06-13 12:00:00,VtgIW8,10005,ID02-SV,757
2023-06-13 12:00:00,qKlA6F,10005,ID03-MB,189
2023-06-13 12:00:00,okJ95i,10006,ID01-FD,1015
2023-06-13 12:00:00,vSdlH4,10006,ID02-SV,413
2023-06-13 12:00:00,D9wi06,10006,ID03-MB,978
2023-06-13 12:00:00,CgX1wc,10008,ID01-FD,536
2023-06-13 12:00:00,2XwAFa,10008,ID02-SV,924
2023-06-13 12:00:00,cWsrXC,10008,ID03-MB,959
2023-06-13 12:00:00,hMEBto,10011,ID01-FD,804
2023-06-13 12:00:00,peIAZO,10011,ID02-SV,475
2023-06-13 12:00:00,HNdvQD,10011,ID03-MB,573
2023-06-13 12:00:00,6rWnAL,10013,ID01-FD,328
2023-06-13 12:00:00,7leKaq,10013,ID02-SV,940
2023-06-13 12:00:00,Kfdl5B,10013,ID03-MB,132
2023-06-13 12:00:00,OL5EMg,10015,ID01-FD,872
2023-06-13 12:00:00,mA3BHe,10015,ID02-SV,974
2023-06-13 12:00:00,WX1coG,10015,ID03-MB,974
2023-06-13 12:00:00,MdO5Z0,10018,ID01-FD,1058
2023-06-13 12:00:00,O7A9WL,10018,ID02-SV,211
2023-06-13 12:00:00,LrpYiW,10018,ID03-MB,525
2023-06-13 12:00:00,PUt9Z8,10019,ID01-FD,129
2023-06-13 12:00:00,cIDKXs,10019,ID02-SV,249
2023-06-13 12:00:00,jf8T7O,10019,ID03-MB,128
2023-06-13 12:00:00,5wYRfd,10023,ID01-FD,614
2023-06-13 12:00:00,uGOiMD,10023,ID02-SV,511
2023-06-13 12:00:00,KLPjXJ,10023,ID03-MB,528
2023-06-13 12:00:00,junZaP,10029,ID01-FD,599
2023-06-13 12:00:00,UqjwJk,10029,ID02-SV,885
2023-06-13 12:00:00,jkbq0H,10029,ID03-MB,573
2023-06-13 12:00:00,pYuoFy,10030,ID01-FD,1183
2023-06-13 12:00:00,AQRUHL,10030,ID02-SV,432
2023-06-13 12:00:00,XehN9W,10030,ID03-MB,62
2023-06-13 12:00:00,Z4nRS8,10032,ID01-FD,626
2023-06-13 12:00:00,XTNdVb,10032,ID02-SV,875
2023-06-13 12:00:00,2nN9em,10032,ID03-MB,74
2023-06-13 12:00:00,FEGTvR,10036,ID01-FD,850
2023-06-13 12:00:00,MVHYwI,10036,ID02-SV,1014
2023-06-13 12:00:00,PwSoVh,10036,ID03-MB,722
2023-06-13 12:00:00,xN42Od,10037,ID01-FD,1073
2023-06-13 12:00:00,txIscC,10037,ID02-SV,868
2023-06-13 12:00:00,aBWpsI,10037,ID03-MB,986
2023-06-13 12:00:00,rLjdBW,10042,ID01-FD,701
2023-06-13 12:00:00,fbCA64,10042,ID02-SV,287
2023-06-13 12:00:00,hprJMG,10042,ID03-MB,327
2023-06-13 12:00:00,p0QYD8,10044,ID01-FD,324
2023-06-13 12:00:00,TUy7Rb,10044,ID02-SV,522
2023-06-13 12:00:00,9i63n8,10044,ID03-MB,88
2023-06-13 12:00:00,8eBVdT,10047,ID01-FD,467
2023-06-13 12:00:00,K4pXid,10047,ID02-SV,112
2023-06-13 12:00:00,aCM4Lg,10047,ID03-MB,75
2023-06-13 12:00:00,2nkay3,10048,ID01-FD,848
2023-06-13 12:00:00,pPDALI,10048,ID02-SV,318
2023-06-13 12:00:00,Kp2xqB,10048,ID03-MB,1046
2023-06-13 12:00:00,Qgcw9o,10049,ID01-FD,1034
2023-06-13 12:00:00,wr6qaG,10049,ID02-SV,630
2023-06-13 12:00:00,0KGpI6,10049,ID03-MB,902
2023-06-13 12:00:00,ZjLH1K,10054,ID01-FD,1091
2023-06-13 12:00:00,OoIx7H,10054,ID02-SV,440
2023-06-13 12:00:00,FbMivJ,10054,ID03-MB,983
2023-06-13 12:00:00,Ph3Xag,10056,ID01-FD,280
2023-06-13 12:00:00,2BWemJ,10056,ID02-SV,772
2023-06-13 12:00:00,oV9HU4,10056,ID03-MB,698
2023-06-13 12:00:00,yKAUVr,10057,ID01-FD,363
2023-06-13 12:00:00,3DYEzd,10057,ID02-SV,579
2023-06-13 12:00:00,y2tPqe,10057,ID03-MB,658
2023-06-13 12:00:00,UqmKZG,10061,ID01-FD,530
2023-06-13 12:00:00,wWrz09,10061,ID02-SV,1187
2023-06-13 12:00:00,c1o8Mb,10061,ID03-MB,257
2023-06-13 12:00:00,S8fT3l,10062,ID01-FD,155
2023-06-13 12:00:00,vbs3rz,10062,ID02-SV,226
2023-06-13 12:00:00,VhfNqS,10062,ID03-MB,1084
2023-06-13 12:00:00,8vJEpS,10066,ID01-FD,1050
2023-06-13 12:00:00,RJqguv,10066,ID02-SV,54
2023-06-13 12:00:00,4LorE1,10066,ID03-MB,1037
2023-06-13 12:00:00,blcIua,10067,ID01-FD,989
2023-06-13 12:00:00,tNw0di,10067,ID02-SV,377
2023-06-13 12:00:00,8O7gAz,10067,ID03-MB,215
2023-06-13 12:00:00,TWCVDN,10070,ID01-FD,820
2023-06-13 12:00:00,tLEIKn,10070,ID02-SV,875
2023-06-13 12:00:00,9cVWUK,10070,ID03-MB,762
2023-06-13 12:00:00,j3vGUh,10071,ID01-FD,572
2023-06-13 12:00:00,mM0jsV,10071,ID02-SV,363
2023-06-13 12:00:00,F3EsRW,10071,ID03-MB,1046
2023-06-13 12:00:00,93ZKgv,10078,ID01-FD,199
2023-06-13 12:00:00,faQuIk,10078,ID02-SV,309
2023-06-13 12:00:00,G0K19h,10078,ID03-MB,305
2023-06-13 12:00:00,5IrfKb,10080,ID01-FD,967
2023-06-13 12:00:00,1FKc5t,10080,ID02-SV,326
2023-06-13 12:00:00,1CHXt6,10080,ID03-MB,369
2023-06-13 12:00:00,raFXQ5,10082,ID01-FD,170
2023-06-13 12:00:00,Yo8KvW,10082,ID02-SV,741
2023-06-13 12:00:00,9CiZKs,10082,ID03-MB,325
2023-06-13 12:00:00,HpKok7,10084,ID01-FD,322
2023-06-13 12:00:00,tgdLfD,10084,ID02-SV,263
2023-06-13 12:00:00,eViXWl,10084,ID03-MB,603
2023-06-13 12:00:00,dejRXG,10086,ID01-FD,1159
2023-06-13 12:00:00,bXqONd,10086,ID02-SV,286
2023-06-13 12:00:00,g7dfDA,10086,ID03-MB,451
2023-06-13 12:00:00,yuCLWm,10088,ID01-FD,588
2023-06-13 12:00:00,jRYc4S,10088,ID02-SV,591
2023-06-13 12:00:00,IYokpf,10088,ID03-MB,120
2023-06-13 12:00:00,LrdD0C,10092,ID01-FD,78
2023-06-13 12:00:00,bof2j4,10092,ID02-SV,443
2023-06-13 12:00:00,us4HzF,10092,ID03-MB,696
2023-06-13 12:00:00,fa5ASo,10094,ID01-FD,489
2023-06-13 12:00:00,5iAVSw,10094,ID02-SV,90
2023-06-13 12:00:00,2U9Ois,10094,ID03-MB,630
2023-06-13 12:00:00,zMXys7,10097,ID01-FD,389
2023-06-13 12:00:00,I6iykg,10097,ID02-SV,267
2023-06-13 12:00:00,fSAw7m,10097,ID03-MB,1178
2023-06-13 12:00:00,0Xrgxy,10102,ID01-FD,933
2023-06-13 12:00:00,4BbKlV,10102,ID02-SV,1000
2023-06-13 12:00:00,CdbhHv,10102,ID03-MB,876
2023-06-13 12:00:00,Fojsh9,10104,ID01-FD,642
2023-06-13 12:00:00,EimkRu,10104,ID02-SV,550
2023-06-13 12:00:00,GSWAZN,10104,ID03-MB,995
2023-06-13 12:00:00,ONzljL,10105,ID01-FD,756
2023-06-13 12:00:00,SCvmYT,10105,ID02-SV,591
2023-06-13 12:00:00,MDqCH7,10105,ID03-MB,1122
2023-06-13 12:00:00,O0tJNB,10106,ID01-FD,513
2023-06-13 12:00:00,nZOf5T,10106,ID02-SV,76
2023-06-13 12:00:00,M5RVQj,10106,ID03-MB,1028
2023-06-13 12:00:00,05dKxv,10108,ID01-FD,1108
2023-06-13 12:00:00,mDwvN1,10108,ID02-SV,209
2023-06-13 12:00:00,ErMHAP,10108,ID03-MB,617
2023-06-13 12:00:00,62eZRI,10114,ID01-FD,243
2023-06-13 12:00:00,6vCrph,10114,ID02-SV,117
2023-06-13 12:00:00,moO5UN,10114,ID03-MB,613
2023-06-13 12:00:00,UZHVus,10115,ID01-FD,759
2023-06-13 12:00:00,pRJ1fH,10115,ID02-SV,421
2023-06-13 12:00:00,Y3g26o,10115,ID03-MB,957
2023-06-13 12:00:00,YRmnSJ,10116,ID01-FD,1109
2023-06-13 12:00:00,Ck6JOA,10116,ID02-SV,55
2023-06-13 12:00:00,xqTOyz,10116,ID03-MB,1195
2023-06-13 12:00:00,ZIyhvM,10118,ID01-FD,787
2023-06-13 12:00:00,FV1bh0,10118,ID02-SV,261
2023-06-13 12:00:00,qBdsPl,10118,ID03-MB,70
2023-06-13 12:00:00,P64kqr,10120,ID01-FD,445
2023-06-13 12:00:00,DJflwS,10120,ID02-SV,1120
2023-06-13 12:00:00,fyFHOE,10120,ID03-MB,616
2023-06-13 12:00:00,I2Ad4J,10122,ID01-FD,1113
2023-06-13 12:00:00,1KSJIO,10122,ID02-SV,455
2023-06-13 12:00:00,Gt2zfu,10122,ID03-MB,593
2023-06-13 12:00:00,VRoa0s,10126,ID01-FD,515
2023-06-13 12:00:00,z5sc7v,10126,ID02-SV,1084
2023-06-13 12:00:00,aNFPYz,10126,ID03-MB,658
2023-06-13 12:00:00,AN2E97,10128,ID01-FD,736
2023-06-13 12:00:00,7lsnCw,10128,ID02-SV,525
2023-06-13 12:00:00,QyDA9P,10128,ID03-MB,220
2023-06-13 12:00:00,OkCvSG,10129,ID01-FD,154
2023-06-13 12:00:00,nMs1DS,10129,ID02-SV,992
2023-06-13 12:00:00,8zg1n4,10129,ID03-MB,1187
2023-06-13 12:00:00,2l45qV,10130,ID01-FD,1091
2023-06-13 12:00:00,7aj0py,10130,ID02-SV,146
2023-06-13 12:00:00,aq2XAb,10130,ID03-MB,855
2023-06-13 12:00:00,fnQSj0,10131,ID01-FD,558
2023-06-13 12:00:00,cUJTiB,10131,ID02-SV,586
2023-06-13 12:00:00,UV9PnD,10131,ID03-MB,390
2023-06-13 12:00:00,qmBX3S,10136,ID01-FD,1148
2023-06-13 12:00:00,12s6dT,10136,ID02-SV,213
2023-06-13 12:00:00,ytcXNQ,10136,ID03-MB,999
2023-06-13 12:00:00,MmCGpJ,10139,ID01-FD,108
2023-06-13 12:00:00,rcIzdu,10139,ID02-SV,309
2023-06-13 12:00:00,jEwRCg,10139,ID03-MB,1146
2023-06-13 12:00:00,b157XH,10141,ID01-FD,844
2023-06-13 12:00:00,vVJeMS,10141,ID02-SV,252
2023-06-13 12:00:00,1Sbzo2,10141,ID03-MB,1025
2023-06-13 12:00:00,sAQIXr,10142,ID01-FD,1038
2023-06-13 12:00:00,rhYWBL,10142,ID02-SV,183
2023-06-13 12:00:00,gO6FAD,10142,ID03-MB,1046
2023-06-13 12:00:00,ykWcRw,10143,ID01-FD,1102
2023-06-13 12:00:00,NsfQEm,10143,ID02-SV,1163
2023-06-13 12:00:00,LGk3rs,10143,ID03-MB,600
2023-06-12 11:00:00,tlXJF3,10144,ID01-FD,98
2023-06-12 11:00:00,wWMY1F,10144,ID02-SV,460
2023-06-12 11:00:00,LWDRyg,10144,ID03-MB,1034
2023-06-12 11:00:00,OJcTlN,10145,ID01-FD,229
2023-06-12 11:00:00,rnPkVQ,10145,ID02-SV,778
2023-06-12 11:00:00,CseYmK,10145,ID03-MB,421
2023-06-12 11:00:00,kMvOZn,10146,ID01-FD,834
2023-06-12 11:00:00,MwV8mn,10146,ID02-SV,724
2023-06-12 11:00:00,6OzMFC,10146,ID03-MB,1024
2023-06-12 11:00:00,F6P4uQ,10147,ID01-FD,256
2023-06-12 11:00:00,IUuYvq,10147,ID02-SV,823
2023-06-12 11:00:00,qc7QB4,10147,ID03-MB,471
2023-06-12 11:00:00,bO0Zy1,10148,ID01-FD,1050
2023-06-12 11:00:00,wi3gxL,10148,ID02-SV,632
2023-06-12 11:00:00,IMUVSd,10148,ID03-MB,233
2023-06-12 11:00:00,cbYmiu,10149,ID01-FD,535
2023-06-12 11:00:00,mtDPCp,10149,ID02-SV,566
2023-06-12 11:00:00,CMkRHx,10149,ID03-MB,120
2023-06-12 11:00:00,PmdVnl,10150,ID01-FD,428
2023-06-12 11:00:00,jX5LUx,10150,ID02-SV,1035
2023-06-12 11:00:00,5HwbZh,10150,ID03-MB,952
2023-06-12 11:00:00,iWfHhT,10155,ID01-FD,154
2023-06-12 11:00:00,ig6GBz,10155,ID02-SV,888
2023-06-12 11:00:00,4xJpF9,10155,ID03-MB,1080
2023-06-12 11:00:00,VRFtGj,10157,ID01-FD,516
2023-06-12 11:00:00,dLB2A6,10157,ID02-SV,1037
2023-06-12 11:00:00,6I17aB,10157,ID03-MB,99
2023-06-12 11:00:00,C9W2kH,10158,ID01-FD,534
2023-06-12 11:00:00,T4LKy5,10158,ID02-SV,735
2023-06-12 11:00:00,TEDIUF,10158,ID03-MB,1031
2023-06-12 11:00:00,5KPGEY,10162,ID01-FD,825
2023-06-12 11:00:00,OF9Pxa,10162,ID02-SV,552
2023-06-12 11:00:00,xC54o6,10162,ID03-MB,1057
2023-06-12 11:00:00,LpYGNH,10164,ID01-FD,795
2023-06-12 11:00:00,8YaAyD,10164,ID02-SV,520
2023-06-12 11:00:00,jnf91I,10164,ID03-MB,233
2023-06-12 11:00:00,YTGJrq,10165,ID01-FD,1197
2023-06-12 11:00:00,JrHaob,10165,ID02-SV,634
2023-06-12 11:00:00,EmXCqa,10165,ID03-MB,804
2023-06-12 11:00:00,OMUA6y,10168,ID01-FD,632
2023-06-12 11:00:00,LfXESJ,10168,ID02-SV,859
2023-06-12 11:00:00,PhvQ1n,10168,ID03-MB,760
2023-06-12 11:00:00,DEJP6r,10169,ID01-FD,1143
2023-06-12 11:00:00,Fxn9Zo,10169,ID02-SV,703
2023-06-12 11:00:00,LiGsV2,10169,ID03-MB,1016
2023-06-12 11:00:00,EV7ixj,10170,ID01-FD,532
2023-06-12 11:00:00,6x0qRw,10170,ID02-SV,723
2023-06-12 11:00:00,OeKu2l,10170,ID03-MB,539
2023-06-12 11:00:00,DPqnVj,10174,ID01-FD,482
2023-06-12 11:00:00,8N7LZa,10174,ID02-SV,561
2023-06-12 11:00:00,P15mch,10174,ID03-MB,1159
2023-06-12 11:00:00,TU5aX6,10175,ID01-FD,75
2023-06-12 11:00:00,P4MTwX,10175,ID02-SV,130
2023-06-12 11:00:00,6z1FSh,10175,ID03-MB,732
2023-06-12 11:00:00,S82otx,10176,ID01-FD,322
2023-06-12 11:00:00,TMGQ85,10176,ID02-SV,681
2023-06-12 11:00:00,fpQ5YI,10176,ID03-MB,152
2023-06-12 11:00:00,rxkcHi,10177,ID01-FD,1158
2023-06-12 11:00:00,DVFnrt,10177,ID02-SV,91
2023-06-12 11:00:00,DuyUO4,10177,ID03-MB,208
2023-06-12 11:00:00,L5YmA9,10181,ID01-FD,1077
2023-06-12 11:00:00,2JCPeh,10181,ID02-SV,1062
2023-06-12 11:00:00,V6GADJ,10181,ID03-MB,843
2023-06-12 11:00:00,j2yb3P,10182,ID01-FD,742
2023-06-12 11:00:00,SwnAsh,10182,ID02-SV,761
2023-06-12 11:00:00,yoD2mB,10182,ID03-MB,586
2023-06-12 11:00:00,DYdk6W,10184,ID01-FD,407
2023-06-12 11:00:00,zsDrgA,10184,ID02-SV,1095
2023-06-12 11:00:00,AcPfqm,10184,ID03-MB,502
2023-06-12 11:00:00,fOhvAU,10185,ID01-FD,1004
2023-06-12 11:00:00,wYJ7hs,10185,ID02-SV,186
2023-06-12 11:00:00,HsC3d8,10185,ID03-MB,481
2023-06-12 11:00:00,ivDE5B,10186,ID01-FD,177
2023-06-12 11:00:00,zgrKJb,10186,ID02-SV,374
2023-06-12 11:00:00,gyzVol,10186,ID03-MB,244
2023-06-12 11:00:00,2856gU,10190,ID01-FD,197
2023-06-12 11:00:00,KQgXcZ,10190,ID02-SV,586
2023-06-12 11:00:00,V5Mb2u,10190,ID03-MB,705
2023-06-12 11:00:00,1zogcH,10191,ID01-FD,1115
2023-06-12 11:00:00,LM6YRH,10191,ID02-SV,1133
2023-06-12 11:00:00,VyKzv1,10191,ID03-MB,771
2023-06-12 11:00:00,xwns6P,10192,ID01-FD,71
2023-06-12 11:00:00,HBbGIo,10192,ID02-SV,1195
2023-06-12 11:00:00,Xi6egN,10192,ID03-MB,664
2023-06-12 11:00:00,cCp3M5,10193,ID01-FD,399
2023-06-12 11:00:00,Gi2ZJS,10193,ID02-SV,761
2023-06-12 11:00:00,0Hl1F5,10193,ID03-MB,120
2023-06-12 11:00:00,VKs9zh,10197,ID01-FD,824
2023-06-12 11:00:00,SOnu3k,10197,ID02-SV,296
2023-06-12 11:00:00,gQt9UY,10197,ID03-MB,1143
2023-06-12 11:00:00,CMtnW6,10199,ID01-FD,493
2023-06-12 11:00:00,SkJmpd,10199,ID02-SV,640
2023-06-12 11:00:00,cvXwVe,10199,ID03-MB,1086
2023-06-12 11:00:00,ZD9oLI,10200,ID01-FD,680
2023-06-12 11:00:00,H6UYE9,10200,ID02-SV,885
2023-06-12 11:00:00,goMKlY,10200,ID03-MB,939
2023-06-12 11:00:00,aim9r3,10201,ID01-FD,431
2023-06-12 11:00:00,ZoC9u7,10201,ID02-SV,1124
2023-06-12 11:00:00,NqdOiI,10201,ID03-MB,706
2023-06-12 11:00:00,GSD5Wc,10203,ID01-FD,313
2023-06-12 11:00:00,XJKFE8,10203,ID02-SV,218
2023-06-12 11:00:00,NZ8idF,10203,ID03-MB,984
2023-06-12 11:00:00,7tTQYf,10207,ID01-FD,903
2023-06-12 11:00:00,fLzbZ7,10207,ID02-SV,804
2023-06-12 11:00:00,rg9SXl,10207,ID03-MB,378
2023-06-12 11:00:00,VbrFx4,10211,ID01-FD,960
2023-06-12 11:00:00,8tylGW,10211,ID02-SV,254
2023-06-12 11:00:00,16AOkn,10211,ID03-MB,361
2023-06-12 11:00:00,KaC4jH,10213,ID01-FD,497
2023-06-12 11:00:00,TIlq2i,10213,ID02-SV,535
2023-06-12 11:00:00,2z36RB,10213,ID03-MB,1181
2023-06-12 11:00:00,xNefCZ,10214,ID01-FD,1026
2023-06-12 11:00:00,ztwNxk,10214,ID02-SV,373
2023-06-12 11:00:00,dRvhOB,10214,ID03-MB,1191
2023-06-12 11:00:00,BM23Sn,10215,ID01-FD,1013
2023-06-12 11:00:00,C24y0l,10215,ID02-SV,320
2023-06-12 11:00:00,OReJLf,10215,ID03-MB,283
2023-06-12 11:00:00,16TizE,10216,ID01-FD,836
2023-06-12 11:00:00,HQ4A91,10216,ID02-SV,759
2023-06-12 11:00:00,iKktex,10216,ID03-MB,989
2023-06-12 11:00:00,MSvJkP,10219,ID01-FD,288
2023-06-12 11:00:00,edqUcb,10219,ID02-SV,268
2023-06-12 11:00:00,MaEjIA,10219,ID03-MB,1118
2023-06-12 11:00:00,lOoKMQ,10220,ID01-FD,263
2023-06-12 11:00:00,KC9bqx,10220,ID02-SV,638
2023-06-12 11:00:00,nhQDMg,10220,ID03-MB,538
2023-06-12 11:00:00,8bxeOP,10221,ID01-FD,536
2023-06-12 11:00:00,fnWF17,10221,ID02-SV,573
2023-06-12 11:00:00,FCj6km,10221,ID03-MB,681
2023-06-12 11:00:00,Q9v81u,10222,ID01-FD,913
2023-06-12 11:00:00,CEhGFj,10222,ID02-SV,806
2023-06-12 11:00:00,OT0aCm,10222,ID03-MB,131
2023-06-12 11:00:00,34P2Oi,10223,ID01-FD,489
2023-06-12 11:00:00,WORjIy,10223,ID02-SV,452
2023-06-12 11:00:00,fi86Cn,10223,ID03-MB,635
2023-06-12 11:00:00,tewMT9,10225,ID01-FD,1054
2023-06-12 11:00:00,fQkwzI,10225,ID02-SV,419
2023-06-12 11:00:00,qYNM07,10225,ID03-MB,495
2023-06-12 11:00:00,0XkGg5,10226,ID01-FD,724
2023-06-12 11:00:00,N7YiMb,10226,ID02-SV,685
2023-06-12 11:00:00,mdfr7l,10226,ID03-MB,746
2023-06-12 11:00:00,AH6bwe,10227,ID01-FD,375
2023-06-12 11:00:00,Pq0FgD,10227,ID02-SV,202
2023-06-12 11:00:00,uKjyh5,10227,ID03-MB,856
2023-06-12 11:00:00,baWdxy,10229,ID01-FD,312
2023-06-12 11:00:00,DoiZVG,10229,ID02-SV,149
2023-06-12 11:00:00,25ADoF,10229,ID03-MB,521
2023-06-12 11:00:00,i1BoRs,10235,ID01-FD,139
2023-06-12 11:00:00,V6pje8,10235,ID02-SV,437
2023-06-12 11:00:00,Clt95T,10235,ID03-MB,973
2023-06-12 11:00:00,QuwlyU,10238,ID01-FD,132
2023-06-12 11:00:00,6zKIvM,10238,ID02-SV,1194
2023-06-12 11:00:00,8W6OG7,10238,ID03-MB,894
2023-06-12 11:00:00,pQIrfH,10241,ID01-FD,1153
2023-06-12 11:00:00,L9JdDI,10241,ID02-SV,278
2023-06-12 11:00:00,U4fgpQ,10241,ID03-MB,1055
2023-06-12 11:00:00,zN9S5u,10242,ID01-FD,323
2023-06-12 11:00:00,a8o1ZD,10242,ID02-SV,238
2023-06-12 11:00:00,Ayd0lx,10242,ID03-MB,1017
2023-06-12 11:00:00,9aDghp,10243,ID01-FD,102
2023-06-12 11:00:00,ETb6Jx,10243,ID02-SV,560
2023-06-12 11:00:00,cofUGd,10243,ID03-MB,673
2023-06-12 11:00:00,zaZnHg,10245,ID01-FD,562
2023-06-12 11:00:00,sAn6fT,10245,ID02-SV,775
2023-06-12 11:00:00,kPnOUH,10245,ID03-MB,944
2023-06-12 11:00:00,bP1o94,10247,ID01-FD,507
2023-06-12 11:00:00,jCiLoe,10247,ID02-SV,243
2023-06-12 11:00:00,M0QqID,10247,ID03-MB,644
2023-06-12 11:00:00,jNTGLF,10248,ID01-FD,1138
2023-06-12 11:00:00,zyp6D2,10248,ID02-SV,757
2023-06-12 11:00:00,3JKZRS,10248,ID03-MB,332
2023-06-12 11:00:00,wJtVWU,10250,ID01-FD,520
2023-06-12 11:00:00,V7Ex2M,10250,ID02-SV,995
2023-06-12 11:00:00,IuBxTA,10250,ID03-MB,1155
2023-06-12 11:00:00,3L4ZIh,10251,ID01-FD,811
2023-06-12 11:00:00,a45fOx,10251,ID02-SV,171
2023-06-12 11:00:00,oatZfN,10251,ID03-MB,886
2023-06-12 11:00:00,Xj1SWg,10252,ID01-FD,1105
2023-06-12 11:00:00,2AIL8Q,10252,ID02-SV,249
2023-06-12 11:00:00,Ib6L9x,10252,ID03-MB,1142
2023-06-12 11:00:00,7UjBVF,10254,ID01-FD,889
2023-06-12 11:00:00,BLAi2M,10254,ID02-SV,260
2023-06-12 11:00:00,zidkXq,10254,ID03-MB,1105
2023-06-12 11:00:00,eA1nBD,10256,ID01-FD,547
2023-06-12 11:00:00,YinhGf,10256,ID02-SV,275
2023-06-12 11:00:00,ZSMRbG,10256,ID03-MB,750
2023-06-12 11:00:00,aEX3Hq,10257,ID01-FD,99
2023-06-12 11:00:00,NAqHd2,10257,ID02-SV,1169
2023-06-12 11:00:00,UdP03l,10257,ID03-MB,961
2023-06-12 11:00:00,1LTCpN,10259,ID01-FD,606
2023-06-12 11:00:00,1nIlkh,10259,ID02-SV,329
2023-06-12 11:00:00,jtH4dy,10259,ID03-MB,208
2023-06-12 11:00:00,m8iJ1Y,10260,ID01-FD,1082
2023-06-12 11:00:00,p8wVnK,10260,ID02-SV,729
2023-06-12 11:00:00,ibRt5P,10260,ID03-MB,714
2023-06-12 11:00:00,rPItDz,10261,ID01-FD,569
2023-06-12 11:00:00,5FxElX,10261,ID02-SV,796
2023-06-12 11:00:00,1eTBwQ,10261,ID03-MB,53
2023-06-12 11:00:00,01cm6R,10266,ID01-FD,1051
2023-06-12 11:00:00,yGCzkd,10266,ID02-SV,1069
2023-06-12 11:00:00,ID7e9j,10266,ID03-MB,503
2023-06-12 11:00:00,C3KVtZ,10272,ID01-FD,679
2023-06-12 11:00:00,TacDnp,10272,ID02-SV,523
2023-06-12 11:00:00,VGuSTJ,10272,ID03-MB,186
2023-06-12 11:00:00,rThFRQ,10273,ID01-FD,270
2023-06-12 11:00:00,ljZAVg,10273,ID02-SV,1120
2023-06-12 11:00:00,7fn20N,10273,ID03-MB,623
2023-06-12 11:00:00,a5UYkM,10274,ID01-FD,896
2023-06-12 11:00:00,bOBVtr,10274,ID02-SV,759
2023-06-12 11:00:00,lQYhpF,10274,ID03-MB,935
2023-06-12 11:00:00,SsblpO,10276,ID01-FD,456
2023-06-12 11:00:00,krCyJ7,10276,ID02-SV,121
2023-06-12 11:00:00,UdVk7E,10276,ID03-MB,964
2023-06-12 11:00:00,Opdyr8,10278,ID01-FD,1191
2023-06-12 11:00:00,KXyI6f,10278,ID02-SV,781
2023-06-12 11:00:00,X3PG1q,10278,ID03-MB,801
2023-06-12 11:00:00,ATS8md,10279,ID01-FD,927
2023-06-12 11:00:00,OjEwK7,10279,ID02-SV,828
2023-06-12 11:00:00,lzOoH8,10279,ID03-MB,1177
2023-06-12 11:00:00,JNQU7G,10284,ID01-FD,1074
2023-06-12 11:00:00,vu0CO7,10284,ID02-SV,608
2023-06-12 11:00:00,XZmtxb,10284,ID03-MB,150
2023-06-12 11:00:00,BZTecN,10285,ID01-FD,677
2023-06-12 11:00:00,KvC3cL,10285,ID02-SV,1048
2023-06-12 11:00:00,9jGvJL,10285,ID03-MB,530
2023-06-12 11:00:00,4S7ANe,10287,ID01-FD,1020
2023-06-12 11:00:00,c1uPF4,10287,ID02-SV,829
2023-06-12 11:00:00,T6Dond,10287,ID03-MB,399
2023-06-16 18:00:00,DM3v67,10288,ID01-FD,1173
2023-06-16 18:00:00,DbTrRe,10288,ID02-SV,890
2023-06-16 18:00:00,drk6Y5,10288,ID03-MB,543
2023-06-16 18:00:00,M5J4X0,10289,ID01-FD,1003
2023-06-16 18:00:00,PZ0BEv,10289,ID02-SV,911
2023-06-16 18:00:00,BtT1w9,10289,ID03-MB,1164
2023-06-16 18:00:00,eWKOZ3,10291,ID01-FD,818
2023-06-16 18:00:00,D5rcs8,10291,ID02-SV,1153
2023-06-16 18:00:00,WyzOm8,10291,ID03-MB,822
2023-06-16 18:00:00,ylnbpG,10292,ID01-FD,265
2023-06-16 18:00:00,QmFWOA,10292,ID02-SV,194
2023-06-16 18:00:00,DqaksM,10292,ID03-MB,166
2023-06-16 18:00:00,Gea6l5,10293,ID01-FD,851
2023-06-16 18:00:00,MEPdex,10293,ID02-SV,220
2023-06-16 18:00:00,4CHoG1,10293,ID03-MB,699
2023-06-16 18:00:00,dBzTiD,10295,ID01-FD,130
2023-06-16 18:00:00,PMuzoe,10295,ID02-SV,755
2023-06-16 18:00:00,DoLlvf,10295,ID03-MB,823
2023-06-16 18:00:00,KZhDyd,10296,ID01-FD,415
2023-06-16 18:00:00,gnA9cJ,10296,ID02-SV,1056
2023-06-16 18:00:00,cwX6Ms,10296,ID03-MB,558
2023-06-16 18:00:00,2gulZb,10312,ID01-FD,168
2023-06-16 18:00:00,1qTDi0,10312,ID02-SV,577
2023-06-16 18:00:00,p90Wyd,10312,ID03-MB,803
2023-06-16 18:00:00,0rX5IY,10314,ID01-FD,147
2023-06-16 18:00:00,iDqAs0,10314,ID02-SV,321
2023-06-16 18:00:00,Wz2wc6,10314,ID03-MB,376
2023-06-16 18:00:00,a5U4YS,10315,ID01-FD,588
2023-06-16 18:00:00,8HbFZI,10315,ID02-SV,310
2023-06-16 18:00:00,MfeCTk,10315,ID03-MB,986
2023-06-16 18:00:00,Jdxzr2,10323,ID01-FD,888
2023-06-16 18:00:00,kGf5sB,10323,ID02-SV,949
2023-06-16 18:00:00,hGLEAC,10323,ID03-MB,884
2023-06-16 18:00:00,fZqrsa,10326,ID01-FD,186
2023-06-16 18:00:00,Ubqz1V,10326,ID02-SV,354
2023-06-16 18:00:00,IAdnyE,10326,ID03-MB,676
2023-06-16 18:00:00,efATZj,10327,ID01-FD,106
2023-06-16 18:00:00,qxudkC,10327,ID02-SV,614
2023-06-16 18:00:00,znjPib,10327,ID03-MB,241
2023-06-16 18:00:00,mzAseL,10331,ID01-FD,615
2023-06-16 18:00:00,BMTrnD,10331,ID02-SV,1016
2023-06-16 18:00:00,097MXQ,10331,ID03-MB,881
2023-06-16 18:00:00,E4Y7Vt,10336,ID01-FD,90
2023-06-16 18:00:00,nTGX1C,10336,ID02-SV,823
2023-06-16 18:00:00,140ARd,10336,ID03-MB,1005
2023-06-16 18:00:00,6tvihn,10338,ID01-FD,847
2023-06-16 18:00:00,6rCTRX,10338,ID02-SV,166
2023-06-16 18:00:00,zw9rWu,10338,ID03-MB,428
2023-06-16 18:00:00,p6THFr,10345,ID01-FD,887
2023-06-16 18:00:00,Jqckvn,10345,ID02-SV,1013
2023-06-16 18:00:00,NScHVF,10345,ID03-MB,1194
2023-06-16 18:00:00,tzhSIf,10346,ID01-FD,305
2023-06-16 18:00:00,Q8zwna,10346,ID02-SV,239
2023-06-16 18:00:00,53dLgt,10346,ID03-MB,234
2023-06-16 18:00:00,XcSyae,10348,ID01-FD,59
2023-06-16 18:00:00,hAGwQK,10348,ID02-SV,1064
2023-06-16 18:00:00,rcUq49,10348,ID03-MB,303
2023-06-16 18:00:00,d8ypIk,10349,ID01-FD,429
2023-06-16 18:00:00,F8mgVE,10349,ID02-SV,383
2023-06-16 18:00:00,GoInY3,10349,ID03-MB,163
2023-06-16 18:00:00,j7oO54,10351,ID01-FD,795
2023-06-16 18:00:00,2DkBw5,10351,ID02-SV,1010
2023-06-16 18:00:00,QxOWsr,10351,ID03-MB,530
2023-06-16 18:00:00,4e1TNv,10352,ID01-FD,67
2023-06-16 18:00:00,WbienB,10352,ID02-SV,884
2023-06-16 18:00:00,FPBJpm,10352,ID03-MB,571
2023-06-16 18:00:00,XnjIFL,10353,ID01-FD,437
2023-06-16 18:00:00,6rxL93,10353,ID02-SV,175
2023-06-16 18:00:00,NrGyYA,10353,ID03-MB,1188
2023-06-16 18:00:00,EuSTBP,10354,ID01-FD,405
2023-06-16 18:00:00,jrK1sw,10354,ID02-SV,1012
2023-06-16 18:00:00,ACbkgx,10354,ID03-MB,600
2023-06-16 18:00:00,KlP5xC,10355,ID01-FD,132
2023-06-16 18:00:00,wB7rOE,10355,ID02-SV,425
2023-06-16 18:00:00,fODdPR,10355,ID03-MB,947
2023-06-16 18:00:00,eGd8rl,10357,ID01-FD,679
2023-06-16 18:00:00,1OWU5f,10357,ID02-SV,997
2023-06-16 18:00:00,zTEFqh,10357,ID03-MB,940
2023-06-16 18:00:00,bcJBkI,10358,ID01-FD,177
2023-06-16 18:00:00,QcFBgv,10358,ID02-SV,109
2023-06-16 18:00:00,UWpSfO,10358,ID03-MB,1061
2023-06-16 18:00:00,2dF5Pa,10359,ID01-FD,141
2023-06-16 18:00:00,XVGtMU,10359,ID02-SV,338
2023-06-16 18:00:00,bKYAem,10359,ID03-MB,1035
2023-06-16 18:00:00,ma8kIo,10361,ID01-FD,384
2023-06-16 18:00:00,ZDiqhN,10361,ID02-SV,348
2023-06-16 18:00:00,Sb94yG,10361,ID03-MB,1165
2023-06-16 18:00:00,CqI0Di,10362,ID01-FD,724
2023-06-16 18:00:00,1UOCcA,10362,ID02-SV,248
2023-06-16 18:00:00,3CUFRt,10362,ID03-MB,444
2023-06-16 18:00:00,zs98bN,10364,ID01-FD,425
2023-06-16 18:00:00,esP4F3,10364,ID02-SV,424
2023-06-16 18:00:00,tTAEVn,10364,ID03-MB,962
2023-06-16 18:00:00,hHcXqY,10365,ID01-FD,600
2023-06-16 18:00:00,LiNEJV,10365,ID02-SV,618
2023-06-16 18:00:00,KWnkyN,10365,ID03-MB,1193
2023-06-16 18:00:00,u3WoXp,10366,ID01-FD,58
2023-06-16 18:00:00,QMSjb9,10366,ID02-SV,482
2023-06-16 18:00:00,Mv1KAd,10366,ID03-MB,1036
2023-06-16 18:00:00,t6SFhs,10369,ID01-FD,493
2023-06-16 18:00:00,da0GtB,10369,ID02-SV,864
2023-06-16 18:00:00,vFHBr6,10369,ID03-MB,771
2023-06-16 18:00:00,0eMUQp,10370,ID01-FD,690
2023-06-16 18:00:00,JI8L69,10370,ID02-SV,761
2023-06-16 18:00:00,FjNSTY,10370,ID03-MB,397
2023-06-16 18:00:00,x5BsnI,10371,ID01-FD,364
2023-06-16 18:00:00,ZgH1YM,10371,ID02-SV,509
2023-06-16 18:00:00,2BRsGW,10371,ID03-MB,806
2023-06-16 18:00:00,UQkzBp,10372,ID01-FD,1123
2023-06-16 18:00:00,9QD78p,10372,ID02-SV,85
2023-06-16 18:00:00,4Ibe69,10372,ID03-MB,906
2023-06-16 18:00:00,F8DyMw,10375,ID01-FD,933
2023-06-16 18:00:00,AyLxeM,10375,ID02-SV,995
2023-06-16 18:00:00,mHScW2,10375,ID03-MB,220
2023-06-16 18:00:00,Wo76tf,10376,ID01-FD,303
2023-06-16 18:00:00,LkvNE4,10376,ID02-SV,249
2023-06-16 18:00:00,fMXrgS,10376,ID03-MB,724
2023-06-16 18:00:00,8qgXR3,10377,ID01-FD,215
2023-06-16 18:00:00,mvptlb,10377,ID02-SV,234
2023-06-16 18:00:00,IL8Xmq,10377,ID03-MB,1075
2023-06-16 18:00:00,iudKak,10378,ID01-FD,346
2023-06-16 18:00:00,kUmR4X,10378,ID02-SV,665
2023-06-16 18:00:00,xvkgpU,10378,ID03-MB,191
2023-06-16 18:00:00,jblgde,10380,ID01-FD,895
2023-06-16 18:00:00,KBPrln,10380,ID02-SV,771
2023-06-16 18:00:00,msWf1v,10380,ID03-MB,989
2023-06-16 18:00:00,P8sLBU,10381,ID01-FD,62
2023-06-16 18:00:00,cPMZUO,10381,ID02-SV,761
2023-06-16 18:00:00,Du3X0G,10381,ID03-MB,365
2023-06-16 18:00:00,DUHv8B,10382,ID01-FD,919
2023-06-16 18:00:00,WEmeoQ,10382,ID02-SV,209
2023-06-16 18:00:00,k20j4G,10382,ID03-MB,1192
2023-06-16 18:00:00,dSV3Tz,10383,ID01-FD,215
2023-06-16 18:00:00,kf5X48,10383,ID02-SV,797
2023-06-16 18:00:00,5CTrMm,10383,ID03-MB,826
2023-06-16 18:00:00,Lr1U0A,10385,ID01-FD,241
2023-06-16 18:00:00,4NbPS2,10385,ID02-SV,735
2023-06-16 18:00:00,L3wCTH,10385,ID03-MB,1073
2023-06-16 18:00:00,QpuomK,10387,ID01-FD,1137
2023-06-16 18:00:00,mJUnZ9,10387,ID02-SV,963
2023-06-16 18:00:00,sox3ch,10387,ID03-MB,757
2023-06-16 18:00:00,9pbjBl,10391,ID01-FD,944
2023-06-16 18:00:00,SUlcgd,10391,ID02-SV,476
2023-06-16 18:00:00,Z3ql6x,10391,ID03-MB,1158
2023-06-16 18:00:00,o4EuKw,10392,ID01-FD,454
2023-06-16 18:00:00,6ysv1K,10392,ID02-SV,702
2023-06-16 18:00:00,vOAaf1,10392,ID03-MB,284
2023-06-16 18:00:00,m3RX9N,10393,ID01-FD,1150
2023-06-16 18:00:00,veTtys,10393,ID02-SV,1134
2023-06-16 18:00:00,cWQ3Zu,10393,ID03-MB,789
2023-06-16 18:00:00,lNZbnW,10394,ID01-FD,753
2023-06-16 18:00:00,ACMQxd,10394,ID02-SV,1052
2023-06-16 18:00:00,NoRyuV,10394,ID03-MB,1170
2023-06-16 18:00:00,r2s1c8,10397,ID01-FD,426
2023-06-16 18:00:00,YGPa5l,10397,ID02-SV,652
2023-06-16 18:00:00,Hg1mwo,10397,ID03-MB,172
2023-06-16 18:00:00,e1TmYP,10400,ID01-FD,828
2023-06-16 18:00:00,0KHhxW,10400,ID02-SV,997
2023-06-16 18:00:00,VSxbKf,10400,ID03-MB,1190
2023-06-16 18:00:00,UT5k1y,10401,ID01-FD,312
2023-06-16 18:00:00,K4cqe9,10401,ID02-SV,299
2023-06-16 18:00:00,i6UZah,10401,ID03-MB,1073
2023-06-16 18:00:00,gbRrdv,10403,ID01-FD,1152
2023-06-16 18:00:00,7auK6n,10403,ID02-SV,717
2023-06-16 18:00:00,1Tmtwp,10403,ID03-MB,77
2023-06-16 18:00:00,P9ZlOU,10404,ID01-FD,842
2023-06-16 18:00:00,HwR32o,10404,ID02-SV,449
2023-06-16 18:00:00,HPsIEY,10404,ID03-MB,267
2023-06-16 18:00:00,Oo9aiw,10405,ID01-FD,1071
2023-06-16 18:00:00,kDyfbX,10405,ID02-SV,662
2023-06-16 18:00:00,Q1IO8i,10405,ID03-MB,733
2023-06-16 18:00:00,eRaJW5,10408,ID01-FD,58
2023-06-16 18:00:00,ZMFWBi,10408,ID02-SV,836
2023-06-16 18:00:00,VwC6rP,10408,ID03-MB,768
2023-06-16 18:00:00,rM5YKl,10410,ID01-FD,197
2023-06-16 18:00:00,XuwnZl,10410,ID02-SV,1190
2023-06-16 18:00:00,8tlj2v,10410,ID03-MB,834
2023-06-16 18:00:00,zulInT,10413,ID01-FD,828
2023-06-16 18:00:00,zZTIMY,10413,ID02-SV,1188
2023-06-16 18:00:00,mjy2sz,10413,ID03-MB,271
2023-06-16 18:00:00,RB935V,10414,ID01-FD,711
2023-06-16 18:00:00,JSLuTq,10414,ID02-SV,679
2023-06-16 18:00:00,f3XOkS,10414,ID03-MB,542
2023-06-16 18:00:00,yq2LVT,10417,ID01-FD,528
2023-06-16 18:00:00,iTLnfv,10417,ID02-SV,85
2023-06-16 18:00:00,RngJhp,10417,ID03-MB,178
2023-06-16 18:00:00,7nWTz5,10418,ID01-FD,526
2023-06-16 18:00:00,rZSxHa,10418,ID02-SV,328
2023-06-16 18:00:00,8cTshy,10418,ID03-MB,407
2023-06-16 18:00:00,z1eBPh,10419,ID01-FD,66
2023-06-16 18:00:00,nxONuS,10419,ID02-SV,89
2023-06-16 18:00:00,LvkG1T,10419,ID03-MB,262
2023-06-16 18:00:00,FSBCy8,10420,ID01-FD,481
2023-06-16 18:00:00,Mn7qWU,10420,ID02-SV,986
2023-06-16 18:00:00,D01Yi9,10420,ID03-MB,179
2023-06-16 18:00:00,8eds6J,10421,ID01-FD,468
2023-06-16 18:00:00,btlrZs,10421,ID02-SV,569
2023-06-16 18:00:00,h6d7T5,10421,ID03-MB,165
2023-06-16 18:00:00,YD8uKv,10424,ID01-FD,310
2023-06-16 18:00:00,LPARs3,10424,ID02-SV,340
2023-06-16 18:00:00,syzMm0,10424,ID03-MB,171
2023-06-16 18:00:00,n0TVbW,10425,ID01-FD,963
2023-06-16 18:00:00,JgF21S,10425,ID02-SV,142
2023-06-16 18:00:00,O3d1ur,10425,ID03-MB,1118
2023-06-16 18:00:00,w5297g,10427,ID01-FD,443
2023-06-16 18:00:00,PUv2lN,10427,ID02-SV,140
2023-06-16 18:00:00,ChF76n,10427,ID03-MB,179
2023-06-16 18:00:00,ZqY6mE,10430,ID01-FD,740
2023-06-16 18:00:00,zlrWSf,10430,ID02-SV,906
2023-06-16 18:00:00,t5XiwS,10430,ID03-MB,58
2023-06-13 23:00:00,1oXOIW,10431,ID01-FD,629
2023-06-13 23:00:00,whvMic,10431,ID02-SV,519
2023-06-13 23:00:00,X9keKA,10431,ID03-MB,301
2023-06-13 23:00:00,baq2LH,10435,ID01-FD,102
2023-06-13 23:00:00,IsZcHO,10435,ID02-SV,392
2023-06-13 23:00:00,6EMPor,10435,ID03-MB,819
2023-06-13 23:00:00,jz5PVR,10437,ID01-FD,103
2023-06-13 23:00:00,HG1fyO,10437,ID02-SV,905
2023-06-13 23:00:00,9QcSro,10437,ID03-MB,952
2023-06-13 23:00:00,oauZJ6,10438,ID01-FD,229
2023-06-13 23:00:00,mBAjZ1,10438,ID02-SV,487
2023-06-13 23:00:00,D0oXBl,10438,ID03-MB,256
2023-06-13 23:00:00,yzcHCq,10439,ID01-FD,1163
2023-06-13 23:00:00,kPhvTY,10439,ID02-SV,489
2023-06-13 23:00:00,gt3sad,10439,ID03-MB,125
2023-06-13 23:00:00,blOcu6,10442,ID01-FD,811
2023-06-13 23:00:00,gGEYJb,10442,ID02-SV,216
2023-06-13 23:00:00,N2vDId,10442,ID03-MB,653
2023-06-13 23:00:00,mNZTKq,10444,ID01-FD,767
2023-06-13 23:00:00,Vp4qBk,10444,ID02-SV,634
2023-06-13 23:00:00,yliSfE,10444,ID03-MB,884
2023-06-13 23:00:00,p3OCNM,10446,ID01-FD,754
2023-06-13 23:00:00,QZvzKu,10446,ID02-SV,1111
2023-06-13 23:00:00,UZP9pO,10446,ID03-MB,1024
2023-06-13 23:00:00,gSnm80,10452,ID01-FD,213
2023-06-13 23:00:00,1epBah,10452,ID02-SV,123
2023-06-13 23:00:00,f9yluc,10452,ID03-MB,891
2023-06-13 23:00:00,XLKpqg,10453,ID01-FD,748
2023-06-13 23:00:00,3OjeYL,10453,ID02-SV,628
2023-06-13 23:00:00,XqTVGQ,10453,ID03-MB,684
2023-06-13 23:00:00,EVTNCB,10456,ID01-FD,1018
2023-06-13 23:00:00,mBcMkI,10456,ID02-SV,416
2023-06-13 23:00:00,JMQGB2,10456,ID03-MB,1019
2023-06-13 23:00:00,DRocXC,10457,ID01-FD,473
2023-06-13 23:00:00,1rTtkJ,10457,ID02-SV,596
2023-06-13 23:00:00,A9h5Z1,10457,ID03-MB,916
2023-06-13 23:00:00,VZYr4t,10458,ID01-FD,260
2023-06-13 23:00:00,k8cfop,10458,ID02-SV,298
2023-06-13 23:00:00,ZqWBpG,10458,ID03-MB,1082
2023-06-13 23:00:00,6yIbNf,10459,ID01-FD,419
2023-06-13 23:00:00,l0K19u,10459,ID02-SV,916
2023-06-13 23:00:00,kz4mdU,10459,ID03-MB,323
2023-06-13 23:00:00,IETAbw,10463,ID01-FD,423
2023-06-13 23:00:00,dnDpA9,10463,ID02-SV,321
2023-06-13 23:00:00,tPdeBZ,10463,ID03-MB,196
2023-06-13 23:00:00,yc1oux,10466,ID01-FD,1155
2023-06-13 23:00:00,qLE7eW,10466,ID02-SV,879
2023-06-13 23:00:00,aWeIEs,10466,ID03-MB,370
2023-06-13 23:00:00,4gKrNy,10467,ID01-FD,86
2023-06-13 23:00:00,eRKXEu,10467,ID02-SV,463
2023-06-13 23:00:00,NHtkp1,10467,ID03-MB,480
2023-06-13 23:00:00,SMpc3k,10468,ID01-FD,856
2023-06-13 23:00:00,xORn56,10468,ID02-SV,330
2023-06-13 23:00:00,zB3TMN,10468,ID03-MB,1166
2023-06-13 23:00:00,aCRiZB,10469,ID01-FD,427
2023-06-13 23:00:00,DHzTxS,10469,ID02-SV,281
2023-06-13 23:00:00,ladE6S,10469,ID03-MB,801
2023-06-13 23:00:00,ndg4SR,10470,ID01-FD,511
2023-06-13 23:00:00,7GlyJL,10470,ID02-SV,681
2023-06-13 23:00:00,g4wmo8,10470,ID03-MB,624
2023-06-13 23:00:00,Zq8EDR,10471,ID01-FD,178
2023-06-13 23:00:00,ThoFLp,10471,ID02-SV,1047
2023-06-13 23:00:00,2PAgT0,10471,ID03-MB,537
2023-06-13 23:00:00,S7WreH,10472,ID01-FD,423
2023-06-13 23:00:00,SX7vbM,10472,ID02-SV,754
2023-06-13 23:00:00,UZbxLK,10472,ID03-MB,236
2023-06-13 23:00:00,7HC2YB,10476,ID01-FD,384
2023-06-13 23:00:00,THRwWU,10476,ID02-SV,580
2023-06-13 23:00:00,MLzrPi,10476,ID03-MB,199
2023-06-13 23:00:00,eJwOMc,10477,ID01-FD,965
2023-06-13 23:00:00,Xr4lYS,10477,ID02-SV,266
2023-06-13 23:00:00,KMP8k7,10477,ID03-MB,971
2023-06-13 23:00:00,D7bu4n,10478,ID01-FD,323
2023-06-13 23:00:00,LVhwKZ,10478,ID02-SV,1037
2023-06-13 23:00:00,sSPFRi,10478,ID03-MB,208
2023-06-13 23:00:00,IKdYqw,10479,ID01-FD,395
2023-06-13 23:00:00,wLeWIm,10479,ID02-SV,956
2023-06-13 23:00:00,Ri1tuT,10479,ID03-MB,1128
2023-06-13 23:00:00,gyLZBI,10481,ID01-FD,689
2023-06-13 23:00:00,rDjI8M,10481,ID02-SV,225
2023-06-13 23:00:00,3lOebI,10481,ID03-MB,174
2023-06-13 23:00:00,zIAKlR,10482,ID01-FD,966
2023-06-13 23:00:00,ZsMamf,10482,ID02-SV,399
2023-06-13 23:00:00,dDFS5T,10482,ID03-MB,1128
2023-06-13 23:00:00,8kIpPz,10483,ID01-FD,184
2023-06-13 23:00:00,DwUlhy,10483,ID02-SV,1125
2023-06-13 23:00:00,DRgKIU,10483,ID03-MB,92
2023-06-13 23:00:00,ySQjx8,10485,ID01-FD,1095
2023-06-13 23:00:00,fgCePQ,10485,ID02-SV,132
2023-06-13 23:00:00,RehO4k,10485,ID03-MB,523
2023-06-13 23:00:00,G0nNVq,10487,ID01-FD,638
2023-06-13 23:00:00,ohp87M,10487,ID02-SV,187
2023-06-13 23:00:00,pQbcOu,10487,ID03-MB,474
2023-06-13 23:00:00,ISc4zX,10488,ID01-FD,78
2023-06-13 23:00:00,vdunzG,10488,ID02-SV,504
2023-06-13 23:00:00,0MCAiX,10488,ID03-MB,782
2023-06-13 23:00:00,Q3K4fk,10490,ID01-FD,586
2023-06-13 23:00:00,WRYit4,10490,ID02-SV,554
2023-06-13 23:00:00,uCNlGT,10490,ID03-MB,64
2023-06-13 23:00:00,n16gkC,10491,ID01-FD,891
2023-06-13 23:00:00,cfr7TE,10491,ID02-SV,482
2023-06-13 23:00:00,pflRen,10491,ID03-MB,1126
2023-06-13 23:00:00,vUJ0Ho,10492,ID01-FD,842
2023-06-13 23:00:00,4wyPKN,10492,ID02-SV,930
2023-06-13 23:00:00,e1gZiO,10492,ID03-MB,990
2023-06-13 23:00:00,Q0ucoH,10494,ID01-FD,945
2023-06-13 23:00:00,Ul8RDN,10494,ID02-SV,1021
2023-06-13 23:00:00,N8mBC9,10494,ID03-MB,595
2023-06-13 23:00:00,pjEmab,10495,ID01-FD,1009
2023-06-13 23:00:00,HxhTzi,10495,ID02-SV,1025
2023-06-13 23:00:00,Y9hezf,10495,ID03-MB,542
2023-06-13 23:00:00,VGD5gl,10498,ID01-FD,667
2023-06-13 23:00:00,OD02Jt,10498,ID02-SV,832
2023-06-13 23:00:00,QNEKeD,10498,ID03-MB,234
2023-06-13 23:00:00,ec8M4j,10500,ID01-FD,322
2023-06-13 23:00:00,r4PjBO,10500,ID02-SV,515
2023-06-13 23:00:00,pz8KjE,10500,ID03-MB,196
2023-06-13 23:00:00,JQXaN4,10502,ID01-FD,530
2023-06-13 23:00:00,nXxrZ2,10502,ID02-SV,567
2023-06-13 23:00:00,Dhz56M,10502,ID03-MB,679
2023-06-13 23:00:00,NPjhDY,10505,ID01-FD,429
2023-06-13 23:00:00,nMUlxE,10505,ID02-SV,682
2023-06-13 23:00:00,0GZpAd,10505,ID03-MB,671
2023-06-13 23:00:00,zPOyAQ,10506,ID01-FD,546
2023-06-13 23:00:00,JEDAo2,10506,ID02-SV,114
2023-06-13 23:00:00,1Ts7eO,10506,ID03-MB,1153
2023-06-13 23:00:00,VwAoNk,10511,ID01-FD,400
2023-06-13 23:00:00,GXxfK2,10511,ID02-SV,831
2023-06-13 23:00:00,gyNSY6,10511,ID03-MB,295
2023-06-13 23:00:00,svGDf7,10512,ID01-FD,701
2023-06-13 23:00:00,WRFV7q,10512,ID02-SV,1158
2023-06-13 23:00:00,RZiJ95,10512,ID03-MB,292
2023-06-13 23:00:00,DI51Rr,10513,ID01-FD,1144
2023-06-13 23:00:00,nWbv1Z,10513,ID02-SV,269
2023-06-13 23:00:00,NC2vR9,10513,ID03-MB,217
2023-06-13 23:00:00,sF8drN,10516,ID01-FD,337
2023-06-13 23:00:00,nCWHqc,10516,ID02-SV,514
2023-06-13 23:00:00,VNPfBh,10516,ID03-MB,867
2023-06-13 23:00:00,ZluEsM,10517,ID01-FD,830
2023-06-13 23:00:00,rqj8HN,10517,ID02-SV,335
2023-06-13 23:00:00,oYjpw0,10517,ID03-MB,783
2023-06-13 23:00:00,uRnbfU,10519,ID01-FD,131
2023-06-13 23:00:00,VRF65r,10519,ID02-SV,193
2023-06-13 23:00:00,wntCWH,10519,ID03-MB,342
2023-06-13 23:00:00,NdtkD6,10521,ID01-FD,796
2023-06-13 23:00:00,ZXHGF8,10521,ID02-SV,1168
2023-06-13 23:00:00,p6GYjR,10521,ID03-MB,448
2023-06-13 23:00:00,LnY6qs,10522,ID01-FD,889
2023-06-13 23:00:00,MBTR26,10522,ID02-SV,303
2023-06-13 23:00:00,QASOiC,10522,ID03-MB,221
2023-06-13 23:00:00,9FArCO,10525,ID01-FD,617
2023-06-13 23:00:00,INZWQ6,10525,ID02-SV,62
2023-06-13 23:00:00,rKv7Df,10525,ID03-MB,527
2023-06-13 23:00:00,teprkg,10526,ID01-FD,236
2023-06-13 23:00:00,tqIvUS,10526,ID02-SV,141
2023-06-13 23:00:00,iCWpHu,10526,ID03-MB,841
2023-06-13 23:00:00,G9KeNk,10527,ID01-FD,701
2023-06-13 23:00:00,oE2Zqe,10527,ID02-SV,1046
2023-06-13 23:00:00,evKhgT,10527,ID03-MB,444
2023-06-13 23:00:00,te7PBS,10528,ID01-FD,207
2023-06-13 23:00:00,bq9ENc,10528,ID02-SV,1081
2023-06-13 23:00:00,PKLbeM,10528,ID03-MB,614
2023-06-13 23:00:00,bG8xwz,10529,ID01-FD,1027
2023-06-13 23:00:00,vnA76P,10529,ID02-SV,243
2023-06-13 23:00:00,yfWRnx,10529,ID03-MB,278
2023-06-13 23:00:00,DnJlOV,10530,ID01-FD,74
2023-06-13 23:00:00,uc5S8Y,10530,ID02-SV,944
2023-06-13 23:00:00,7Y4Eep,10530,ID03-MB,62
2023-06-13 23:00:00,0QEZMu,10531,ID01-FD,291
2023-06-13 23:00:00,VwkAsC,10531,ID02-SV,1065
2023-06-13 23:00:00,qCU3jK,10531,ID03-MB,804
2023-06-13 23:00:00,6YiD1s,10532,ID01-FD,1078
2023-06-13 23:00:00,0bZD4u,10532,ID02-SV,1153
2023-06-13 23:00:00,ulKYTM,10532,ID03-MB,766
2023-06-13 23:00:00,WFuyqQ,10533,ID01-FD,744
2023-06-13 23:00:00,g6EXlR,10533,ID02-SV,287
2023-06-13 23:00:00,MGDXdA,10533,ID03-MB,239
2023-06-13 23:00:00,5819lb,10534,ID01-FD,1106
2023-06-13 23:00:00,f9aE8g,10534,ID02-SV,152
2023-06-13 23:00:00,8OVT1X,10534,ID03-MB,530
2023-06-13 23:00:00,YpyJlx,10535,ID01-FD,99
2023-06-13 23:00:00,0HG3p2,10535,ID02-SV,935
2023-06-13 23:00:00,0v83Cm,10535,ID03-MB,184
2023-06-13 23:00:00,KWLc7T,10541,ID01-FD,1052
2023-06-13 23:00:00,dzkhNJ,10541,ID02-SV,1156
2023-06-13 23:00:00,XplYMF,10541,ID03-MB,918
2023-06-13 23:00:00,nKcIYr,10542,ID01-FD,1077
2023-06-13 23:00:00,nwIgrs,10542,ID02-SV,843
2023-06-13 23:00:00,lWn8QS,10542,ID03-MB,901
2023-06-13 23:00:00,CWGuya,10544,ID01-FD,1164
2023-06-13 23:00:00,CsGPXD,10544,ID02-SV,205
2023-06-13 23:00:00,ePLUGA,10544,ID03-MB,1006
2023-06-13 23:00:00,92YKaV,10547,ID01-FD,162
2023-06-13 23:00:00,O1Atp2,10547,ID02-SV,320
2023-06-13 23:00:00,v4LA0S,10547,ID03-MB,638
2023-06-13 23:00:00,ec605S,10548,ID01-FD,1011
2023-06-13 23:00:00,Wl8Xq4,10548,ID02-SV,984
2023-06-13 23:00:00,NxjeSi,10548,ID03-MB,979
2023-06-13 23:00:00,gmzEKL,10551,ID01-FD,820
2023-06-13 23:00:00,edl5mK,10551,ID02-SV,493
2023-06-13 23:00:00,t5mJds,10551,ID03-MB,103
2023-06-13 23:00:00,h7QU1b,10553,ID01-FD,708
2023-06-13 23:00:00,q7BIog,10553,ID02-SV,1190
2023-06-13 23:00:00,jJvIMk,10553,ID03-MB,845
2023-06-13 23:00:00,BGbnWK,10555,ID01-FD,519
2023-06-13 23:00:00,CfWKuB,10555,ID02-SV,143
2023-06-13 23:00:00,OGNcY3,10555,ID03-MB,82
2023-06-13 23:00:00,wfXPOG,10556,ID01-FD,1006
2023-06-13 23:00:00,lCYFPT,10556,ID02-SV,590
2023-06-13 23:00:00,NyYSCo,10556,ID03-MB,781
2023-06-13 23:00:00,DKIzru,10558,ID01-FD,250
2023-06-13 23:00:00,oZCK8W,10558,ID02-SV,395
2023-06-13 23:00:00,2dVnUk,10558,ID03-MB,845
2023-06-13 23:00:00,z9FkVW,10560,ID01-FD,733
2023-06-13 23:00:00,tWUkHu,10560,ID02-SV,1174
2023-06-13 23:00:00,LHE4Ot,10560,ID03-MB,898
2023-06-13 23:00:00,4NVtFp,10562,ID01-FD,647
2023-06-13 23:00:00,ZTaQpb,10562,ID02-SV,1017
2023-06-13 23:00:00,1OFbs0,10562,ID03-MB,652
2023-06-13 23:00:00,cbzKGV,10564,ID01-FD,597
2023-06-13 23:00:00,FzPc35,10564,ID02-SV,1169
2023-06-13 23:00:00,6Ai1NZ,10564,ID03-MB,753
2023-06-13 23:00:00,SYUd6B,10565,ID01-FD,80
2023-06-13 23:00:00,AXjV61,10565,ID02-SV,1086
2023-06-13 23:00:00,r92WLF,10565,ID03-MB,951
2023-06-13 23:00:00,YO4kyn,10566,ID01-FD,834
2023-06-13 23:00:00,G5lpy6,10566,ID02-SV,1028
2023-06-13 23:00:00,WzxrYl,10566,ID03-MB,520
2023-06-13 23:00:00,lykWIi,10567,ID01-FD,329
2023-06-13 23:00:00,dNwOJo,10567,ID02-SV,322
2023-06-13 23:00:00,7Y5SxV,10567,ID03-MB,194
2023-06-13 23:00:00,2UvlVx,10569,ID01-FD,113
2023-06-13 23:00:00,HMyila,10569,ID02-SV,64
2023-06-13 23:00:00,FbiR5d,10569,ID03-MB,980
2023-06-13 23:00:00,UkLBn6,10570,ID01-FD,143
2023-06-13 23:00:00,YtLCMX,10570,ID02-SV,716
2023-06-13 23:00:00,EM0g6c,10570,ID03-MB,1156
2023-06-13 23:00:00,RaoC1Y,10571,ID01-FD,310
2023-06-13 23:00:00,TuSorU,10571,ID02-SV,1150
2023-06-13 23:00:00,XYp8sU,10571,ID03-MB,839
2023-06-13 23:00:00,giXGld,10572,ID01-FD,257
2023-06-13 23:00:00,KSFvVt,10572,ID02-SV,1017
2023-06-13 23:00:00,T1qmJU,10572,ID03-MB,753
2023-06-13 23:00:00,PcYvs1,10573,ID01-FD,947
2023-06-13 23:00:00,T7eDwt,10573,ID02-SV,837
2023-06-13 23:00:00,oCInru,10573,ID03-MB,148
2023-06-13 23:00:00,MywWQV,10574,ID01-FD,276
2023-06-13 23:00:00,5O6gHF,10574,ID02-SV,610
2023-06-13 23:00:00,lkjute,10574,ID03-MB,1170
2023-06-15 18:00:00,XM4kyz,10578,ID01-FD,848
2023-06-15 18:00:00,uHZlm9,10578,ID02-SV,208
2023-06-15 18:00:00,Vs6e2z,10578,ID03-MB,1028
2023-06-15 18:00:00,Ni1VPx,10580,ID01-FD,941
2023-06-15 18:00:00,1g2ET5,10580,ID02-SV,482
2023-06-15 18:00:00,OjuL8b,10580,ID03-MB,229
2023-06-15 18:00:00,euFng1,10581,ID01-FD,613
2023-06-15 18:00:00,PczQWY,10581,ID02-SV,559
2023-06-15 18:00:00,8IOs09,10581,ID03-MB,1169
2023-06-15 18:00:00,sRThZ9,10584,ID01-FD,1191
2023-06-15 18:00:00,YUc7wp,10584,ID02-SV,403
2023-06-15 18:00:00,SwfqFV,10584,ID03-MB,472
2023-06-15 18:00:00,OGCoYk,10585,ID01-FD,918
2023-06-15 18:00:00,ETyoh2,10585,ID02-SV,723
2023-06-15 18:00:00,vQkoyt,10585,ID03-MB,155
2023-06-15 18:00:00,FRZCyr,10587,ID01-FD,138
2023-06-15 18:00:00,PBxV8L,10587,ID02-SV,304
2023-06-15 18:00:00,onzwKk,10587,ID03-MB,164
2023-06-15 18:00:00,g4SLV8,10590,ID01-FD,132
2023-06-15 18:00:00,6wWfeZ,10590,ID02-SV,601
2023-06-15 18:00:00,2MqPle,10590,ID03-MB,1043
2023-06-15 18:00:00,K9ke3O,10592,ID01-FD,801
2023-06-15 18:00:00,Vrsa0R,10592,ID02-SV,464
2023-06-15 18:00:00,zy5BVX,10592,ID03-MB,903
2023-06-15 18:00:00,IgcYUo,10593,ID01-FD,930
2023-06-15 18:00:00,KnyO4t,10593,ID02-SV,643
2023-06-15 18:00:00,coalDs,10593,ID03-MB,371
2023-06-15 18:00:00,KSvAFU,10594,ID01-FD,507
2023-06-15 18:00:00,nhEUAd,10594,ID02-SV,503
2023-06-15 18:00:00,SeQphF,10594,ID03-MB,684
2023-06-15 18:00:00,kmnCjV,10599,ID01-FD,530
2023-06-15 18:00:00,Xv2QqK,10599,ID02-SV,298
2023-06-15 18:00:00,ArTUSs,10599,ID03-MB,696
2023-06-15 18:00:00,GWoAcH,10601,ID01-FD,925
2023-06-15 18:00:00,7PfsAt,10601,ID02-SV,1055
2023-06-15 18:00:00,pwj8c1,10601,ID03-MB,549
2023-06-15 18:00:00,VbE2l7,10602,ID01-FD,401
2023-06-15 18:00:00,FHPtW3,10602,ID02-SV,887
2023-06-15 18:00:00,UDf0K5,10602,ID03-MB,538
2023-06-15 18:00:00,ylvJOe,10604,ID01-FD,290
2023-06-15 18:00:00,J7h5Zv,10604,ID02-SV,501
2023-06-15 18:00:00,VZIzKR,10604,ID03-MB,1000
2023-06-15 18:00:00,Vu4dQC,10608,ID01-FD,608
2023-06-15 18:00:00,0pJb8w,10608,ID02-SV,106
2023-06-15 18:00:00,XPNb8e,10608,ID03-MB,1048
2023-06-15 18:00:00,olkw4U,10609,ID01-FD,91
2023-06-15 18:00:00,WtZTDc,10609,ID02-SV,331
2023-06-15 18:00:00,7WyTIx,10609,ID03-MB,491
2023-06-15 18:00:00,jw3t6A,10611,ID01-FD,219
2023-06-15 18:00:00,0pIGjm,10611,ID02-SV,139
2023-06-15 18:00:00,h9UF3l,10611,ID03-MB,798
2023-06-15 18:00:00,6cKaw7,10612,ID01-FD,91
2023-06-15 18:00:00,TGKxw8,10612,ID02-SV,545
2023-06-15 18:00:00,jMA9Qe,10612,ID03-MB,313
2023-06-15 18:00:00,Crl4OT,10613,ID01-FD,724
2023-06-15 18:00:00,yQvNlW,10613,ID02-SV,528
2023-06-15 18:00:00,RrHJUN,10613,ID03-MB,1163
2023-06-15 18:00:00,7Xkyb9,10614,ID01-FD,1150
2023-06-15 18:00:00,0En7mC,10614,ID02-SV,896
2023-06-15 18:00:00,LH0a6g,10614,ID03-MB,751
2023-06-15 18:00:00,5hSvdp,10615,ID01-FD,342
2023-06-15 18:00:00,ldgBjL,10615,ID02-SV,1009
2023-06-15 18:00:00,rhBS7M,10615,ID03-MB,176
2023-06-15 18:00:00,hTJcMa,10616,ID01-FD,452
2023-06-15 18:00:00,Oamjwn,10616,ID02-SV,769
2023-06-15 18:00:00,whnlMo,10616,ID03-MB,811
2023-06-15 18:00:00,X70lN6,10618,ID01-FD,598
2023-06-15 18:00:00,wi0v3e,10618,ID02-SV,581
2023-06-15 18:00:00,g8kOAT,10618,ID03-MB,508
2023-06-15 18:00:00,T8bFn7,10620,ID01-FD,702
2023-06-15 18:00:00,hMDBIm,10620,ID02-SV,199
2023-06-15 18:00:00,l3tMUR,10620,ID03-MB,419
2023-06-15 18:00:00,oPtcIq,10624,ID01-FD,198
2023-06-15 18:00:00,afeTCV,10624,ID02-SV,382
2023-06-15 18:00:00,aTE6fv,10624,ID03-MB,202
2023-06-15 18:00:00,Fi542c,10630,ID01-FD,715
2023-06-15 18:00:00,WnLB80,10630,ID02-SV,129
2023-06-15 18:00:00,7gVsyx,10630,ID03-MB,1126
2023-06-15 18:00:00,cOdotr,10631,ID01-FD,1173
2023-06-15 18:00:00,TE9MpR,10631,ID02-SV,1161
2023-06-15 18:00:00,8n4sie,10631,ID03-MB,295
2023-06-15 18:00:00,1MEqBx,10632,ID01-FD,1103
2023-06-15 18:00:00,OBA2fj,10632,ID02-SV,720
2023-06-15 18:00:00,usl1BH,10632,ID03-MB,560
2023-06-15 18:00:00,0ujVQN,10633,ID01-FD,941
2023-06-15 18:00:00,3fRCTK,10633,ID02-SV,649
2023-06-15 18:00:00,gfe0u7,10633,ID03-MB,235
2023-06-15 18:00:00,s3W5zt,10634,ID01-FD,879
2023-06-15 18:00:00,GIgHBJ,10634,ID02-SV,1107
2023-06-15 18:00:00,tfcM08,10634,ID03-MB,416
2023-06-15 18:00:00,XLfUbD,10635,ID01-FD,920
2023-06-15 18:00:00,dS3aWy,10635,ID02-SV,697
2023-06-15 18:00:00,Kew62p,10635,ID03-MB,778
2023-06-15 18:00:00,MPtN0n,10638,ID01-FD,177
2023-06-15 18:00:00,smYjWK,10638,ID02-SV,890
2023-06-15 18:00:00,GhP2iu,10638,ID03-MB,645
2023-06-15 18:00:00,31N0dy,10639,ID01-FD,546
2023-06-15 18:00:00,wkJIDF,10639,ID02-SV,1032
2023-06-15 18:00:00,W6Lejv,10639,ID03-MB,1046
2023-06-15 18:00:00,gyMO0t,10642,ID01-FD,920
2023-06-15 18:00:00,EDvyO9,10642,ID02-SV,266
2023-06-15 18:00:00,QRudbc,10642,ID03-MB,453
2023-06-15 18:00:00,HcKDJe,10644,ID01-FD,269
2023-06-15 18:00:00,SOqboZ,10644,ID02-SV,554
2023-06-15 18:00:00,zn1bqD,10644,ID03-MB,568
2023-06-15 18:00:00,tuavkP,10645,ID01-FD,1013
2023-06-15 18:00:00,7VGdOu,10645,ID02-SV,874
2023-06-15 18:00:00,XAWSw5,10645,ID03-MB,949
2023-06-15 18:00:00,rCoVL8,10647,ID01-FD,563
2023-06-15 18:00:00,bnYoBW,10647,ID02-SV,694
2023-06-15 18:00:00,PO4zU7,10647,ID03-MB,447
2023-06-15 18:00:00,46aweV,10648,ID01-FD,287
2023-06-15 18:00:00,dvzQCH,10648,ID02-SV,927
2023-06-15 18:00:00,Gmh7Xe,10648,ID03-MB,799
2023-06-15 18:00:00,VtNWMp,10653,ID01-FD,259
2023-06-15 18:00:00,BYdTQM,10653,ID02-SV,573
2023-06-15 18:00:00,E4C21X,10653,ID03-MB,889
2023-06-15 18:00:00,7QTzjk,10655,ID01-FD,1134
2023-06-15 18:00:00,vBX2lo,10655,ID02-SV,803
2023-06-15 18:00:00,3fTK7H,10655,ID03-MB,948
2023-06-15 18:00:00,lLbPaG,10656,ID01-FD,977
2023-06-15 18:00:00,QFL4GD,10656,ID02-SV,1158
2023-06-15 18:00:00,6B9jag,10656,ID03-MB,480
2023-06-15 18:00:00,f7HN0G,10658,ID01-FD,1042
2023-06-15 18:00:00,GlQgRo,10658,ID02-SV,1163
2023-06-15 18:00:00,wS6tVF,10658,ID03-MB,369
2023-06-15 18:00:00,7idUae,10659,ID01-FD,352
2023-06-15 18:00:00,XhGIiN,10659,ID02-SV,1187
2023-06-15 18:00:00,xQYDRo,10659,ID03-MB,388
2023-06-15 18:00:00,fGZBSJ,10661,ID01-FD,486
2023-06-15 18:00:00,tB2JFf,10661,ID02-SV,618
2023-06-15 18:00:00,5SVRGb,10661,ID03-MB,53
2023-06-15 18:00:00,iBDVrA,10662,ID01-FD,332
2023-06-15 18:00:00,kZvXxS,10662,ID02-SV,960
2023-06-15 18:00:00,4wIU1j,10662,ID03-MB,889
2023-06-15 18:00:00,RQxFC8,10664,ID01-FD,326
2023-06-15 18:00:00,Eg4uvG,10664,ID02-SV,699
2023-06-15 18:00:00,lKUzCN,10664,ID03-MB,897
2023-06-15 18:00:00,7ifYIo,10665,ID01-FD,179
2023-06-15 18:00:00,SkLQzK,10665,ID02-SV,165
2023-06-15 18:00:00,Ytobac,10665,ID03-MB,787
2023-06-15 18:00:00,SFVGW4,10671,ID01-FD,544
2023-06-15 18:00:00,m9rjY4,10671,ID02-SV,717
2023-06-15 18:00:00,irflYy,10671,ID03-MB,1083
2023-06-15 18:00:00,2TwXES,10672,ID01-FD,234
2023-06-15 18:00:00,Pgc0jL,10672,ID02-SV,658
2023-06-15 18:00:00,kCdjTN,10672,ID03-MB,731
2023-06-15 18:00:00,cEAv9p,10673,ID01-FD,159
2023-06-15 18:00:00,hAYQGd,10673,ID02-SV,526
2023-06-15 18:00:00,t8K0JN,10673,ID03-MB,1159
2023-06-15 18:00:00,wIk8BA,10674,ID01-FD,104
2023-06-15 18:00:00,t2cjP0,10674,ID02-SV,997
2023-06-15 18:00:00,rxwIkD,10674,ID03-MB,502
2023-06-15 18:00:00,EVGa58,10675,ID01-FD,80
2023-06-15 18:00:00,8GME7I,10675,ID02-SV,703
2023-06-15 18:00:00,HsOzyB,10675,ID03-MB,381
2023-06-15 18:00:00,x9tzOh,10677,ID01-FD,266
2023-06-15 18:00:00,THjsN0,10677,ID02-SV,908
2023-06-15 18:00:00,XdlLsi,10677,ID03-MB,1041
2023-06-15 18:00:00,wDneUz,10681,ID01-FD,984
2023-06-15 18:00:00,tNPFka,10681,ID02-SV,816
2023-06-15 18:00:00,ay5URE,10681,ID03-MB,1112
2023-06-15 18:00:00,PkeOg0,10682,ID01-FD,505
2023-06-15 18:00:00,spV57j,10682,ID02-SV,1171
2023-06-15 18:00:00,PLYhgs,10682,ID03-MB,478
2023-06-15 18:00:00,fERNDL,10683,ID01-FD,489
2023-06-15 18:00:00,6e4tD5,10683,ID02-SV,962
2023-06-15 18:00:00,FfEQKl,10683,ID03-MB,463
2023-06-15 18:00:00,F5o8ia,10684,ID01-FD,50
2023-06-15 18:00:00,qkt1ra,10684,ID02-SV,355
2023-06-15 18:00:00,oksxET,10684,ID03-MB,61
2023-06-15 18:00:00,7lJQIy,10686,ID01-FD,1139
2023-06-15 18:00:00,IXQFw0,10686,ID02-SV,508
2023-06-15 18:00:00,7UHhYT,10686,ID03-MB,1023
2023-06-15 18:00:00,UNp0GQ,10689,ID01-FD,403
2023-06-15 18:00:00,Vo15bl,10689,ID02-SV,995
2023-06-15 18:00:00,ImBYCb,10689,ID03-MB,405
2023-06-15 18:00:00,fIHa4U,10692,ID01-FD,512
2023-06-15 18:00:00,mDIhlH,10692,ID02-SV,82
2023-06-15 18:00:00,iorTdc,10692,ID03-MB,1169
2023-06-15 18:00:00,J352T8,10693,ID01-FD,1132
2023-06-15 18:00:00,tjecwD,10693,ID02-SV,904
2023-06-15 18:00:00,I9VXK1,10693,ID03-MB,244
2023-06-15 18:00:00,A61dow,10694,ID01-FD,101
2023-06-15 18:00:00,AqoDjl,10694,ID02-SV,450
2023-06-15 18:00:00,U9WMT8,10694,ID03-MB,764
2023-06-15 18:00:00,VETLfy,10695,ID01-FD,422
2023-06-15 18:00:00,eSgo1D,10695,ID02-SV,115
2023-06-15 18:00:00,arjGCV,10695,ID03-MB,251
2023-06-15 18:00:00,oW0Sqk,10696,ID01-FD,848
2023-06-15 18:00:00,nmPWYE,10696,ID02-SV,1023
2023-06-15 18:00:00,dJEfQD,10696,ID03-MB,1159
2023-06-15 18:00:00,akhIBW,10697,ID01-FD,193
2023-06-15 18:00:00,sY7jRB,10697,ID02-SV,590
2023-06-15 18:00:00,aJDw3b,10697,ID03-MB,1139
2023-06-15 18:00:00,nOA1iU,10698,ID01-FD,290
2023-06-15 18:00:00,d2zmBu,10698,ID02-SV,232
2023-06-15 18:00:00,orsZnO,10698,ID03-MB,889
2023-06-15 18:00:00,M7o1uN,10699,ID01-FD,1100
2023-06-15 18:00:00,kBVMwZ,10699,ID02-SV,400
2023-06-15 18:00:00,Qq2K0E,10699,ID03-MB,54
2023-06-15 18:00:00,tWlNdJ,10700,ID01-FD,252
2023-06-15 18:00:00,9JeEd2,10700,ID02-SV,969
2023-06-15 18:00:00,E4RMZD,10700,ID03-MB,111
2023-06-15 18:00:00,kN1UGM,10701,ID01-FD,1001
2023-06-15 18:00:00,qh7UWo,10701,ID02-SV,887
2023-06-15 18:00:00,Lbzd90,10701,ID03-MB,498
2023-06-15 18:00:00,fhJps2,10702,ID01-FD,424
2023-06-15 18:00:00,Eagu8N,10702,ID02-SV,1060
2023-06-15 18:00:00,jsXHSQ,10702,ID03-MB,1045
2023-06-15 18:00:00,FSyb5p,10703,ID01-FD,562
2023-06-15 18:00:00,A36dU7,10703,ID02-SV,1056
2023-06-15 18:00:00,XqG6go,10703,ID03-MB,404
2023-06-15 18:00:00,TqiCxy,10704,ID01-FD,1125
2023-06-15 18:00:00,itlRq5,10704,ID02-SV,789
2023-06-15 18:00:00,Q3whuH,10704,ID03-MB,78
2023-06-15 18:00:00,tJFiVb,10705,ID01-FD,599
2023-06-15 18:00:00,gL2bqM,10705,ID02-SV,230
2023-06-15 18:00:00,C2tqBZ,10705,ID03-MB,619
2023-06-15 18:00:00,s5iMF4,10706,ID01-FD,761
2023-06-15 18:00:00,EHNmWt,10706,ID02-SV,793
2023-06-15 18:00:00,BHTqi5,10706,ID03-MB,329
2023-06-15 18:00:00,EwDWnF,10707,ID01-FD,327
2023-06-15 18:00:00,3S8izd,10707,ID02-SV,684
2023-06-15 18:00:00,k4CbOQ,10707,ID03-MB,847
2023-06-15 18:00:00,VPkDSA,10708,ID01-FD,819
2023-06-15 18:00:00,mjDCxy,10708,ID02-SV,68
2023-06-15 18:00:00,GSqpNW,10708,ID03-MB,882
2023-06-15 18:00:00,QbqT91,10711,ID01-FD,857
2023-06-15 18:00:00,9jQS4B,10711,ID02-SV,1128
2023-06-15 18:00:00,jFdfxK,10711,ID03-MB,117
2023-06-15 18:00:00,1jlZw8,10712,ID01-FD,588
2023-06-15 18:00:00,2ElKnj,10712,ID02-SV,1010
2023-06-15 18:00:00,1eBAcH,10712,ID03-MB,931
2023-06-15 18:00:00,DVH80q,10714,ID01-FD,130
2023-06-15 18:00:00,MsXq8j,10714,ID02-SV,327
2023-06-15 18:00:00,eLGJih,10714,ID03-MB,314
2023-06-15 18:00:00,4NnQa5,10715,ID01-FD,1046
2023-06-15 18:00:00,VlYprC,10715,ID02-SV,750
2023-06-15 18:00:00,zwBNf7,10715,ID03-MB,429
