internal_specimen_id,external_specimen_id,result_time,test_type,result_value
6342,10004,2023-06-09 13:00:00,FRDST,1178
6342,10004,2023-06-09 13:00:00,SNKVM,320
6342,10004,2023-06-09 13:00:00,MGBRY,581
6343,10007,2023-06-09 13:00:00,FRDST,624
6343,10007,2023-06-09 13:00:00,SNKVM,692
6343,10007,2023-06-09 13:00:00,MGBRY,577
6344,10009,2023-06-09 13:00:00,FRDST,111
6344,10009,2023-06-09 13:00:00,SNKVM,725
6344,10009,2023-06-09 13:00:00,MGBRY,25000
6345,10010,2023-06-09 13:00:00,FRDST,498
6345,10010,2023-06-09 13:00:00,SNKVM,588
6345,10010,2023-06-09 13:00:00,MGBRY,326
6346,10012,2023-06-09 13:00:00,FRDST,920
6346,10012,2023-06-09 13:00:00,SNKVM,709
6346,10012,2023-06-09 13:00:00,MGBRY,640
6347,10014,2023-06-09 13:00:00,FRDST,462
6347,10014,2023-06-09 13:00:00,SNKVM,1027
6347,10014,2023-06-09 13:00:00,MGBRY,924
6348,10016,2023-06-09 13:00:00,FRDST,301
6348,10016,2023-06-09 13:00:00,SNKVM,520
6348,10016,2023-06-09 13:00:00,MGBRY,1080
6349,10017,2023-06-09 13:00:00,FRDST,1045
6349,10017,2023-06-09 13:00:00,SNKVM,95
6349,10017,2023-06-09 13:00:00,MGBRY,735
6350,10020,2023-06-09 13:00:00,FRDST,553
6350,10020,2023-06-09 13:00:00,SNKVM,211
6350,10020,2023-06-09 13:00:00,MGBRY,1161
6351,10021,2023-06-09 13:00:00,FRDST,384
6351,10021,2023-06-09 13:00:00,SNKVM,917
6351,10021,2023-06-09 13:00:00,MGBRY,613
6352,10022,2023-06-09 13:00:00,FRDST,269
6352,10022,2023-06-09 13:00:00,SNKVM,191
6352,10022,2023-06-09 13:00:00,MGBRY,199
6353,10024,2023-06-09 13:00:00,FRDST,514
6353,10024,2023-06-09 13:00:00,SNKVM,183
6353,10024,2023-06-09 13:00:00,MGBRY,353
6354,10025,2023-06-09 13:00:00,FRDST,449
6354,10025,2023-06-09 13:00:00,SNKVM,918
6354,10025,2023-06-09 13:00:00,MGBRY,898
6355,10026,2023-06-09 13:00:00,FRDST,783
6355,10026,2023-06-09 13:00:00,SNKVM,198
6355,10026,2023-06-09 13:00:00,MGBRY,1105
6356,10027,2023-06-09 13:00:00,FRDST,492
6356,10027,2023-06-09 13:00:00,SNKVM,286
6356,10027,2023-06-09 13:00:00,MGBRY,547
6357,10028,2023-06-09 13:00:00,FRDST,890
6357,10028,2023-06-09 13:00:00,SNKVM,270
6357,10028,2023-06-09 13:00:00,MGBRY,305
6358,10031,2023-06-09 13:00:00,FRDST,860
6358,10031,2023-06-09 13:00:00,SNKVM,704
6358,10031,2023-06-09 13:00:00,MGBRY,356
6359,10033,2023-06-09 13:00:00,FRDST,883
6359,10033,2023-06-09 13:00:00,SNKVM,488
6359,10033,2023-06-09 13:00:00,MGBRY,741
6360,10034,2023-06-09 13:00:00,FRDST,1117
6360,10034,2023-06-09 13:00:00,SNKVM,639
6360,10034,2023-06-09 13:00:00,MGBRY,204
6361,10035,2023-06-09 13:00:00,FRDST,910
6361,10035,2023-06-09 13:00:00,SNKVM,161
6361,10035,2023-06-09 13:00:00,MGBRY,827
6362,10038,2023-06-09 13:00:00,FRDST,712
6362,10038,2023-06-09 13:00:00,SNKVM,855
6362,10038,2023-06-09 13:00:00,MGBRY,881
6363,10039,2023-06-09 13:00:00,FRDST,527
6363,10039,2023-06-09 13:00:00,SNKVM,605
6363,10039,2023-06-09 13:00:00,MGBRY,387
6364,10040,2023-06-09 13:00:00,FRDST,980
6364,10040,2023-06-09 13:00:00,SNKVM,121
6364,10040,2023-06-09 13:00:00,MGBRY,324
6365,10041,2023-06-09 13:00:00,FRDST,239
6365,10041,2023-06-09 13:00:00,SNKVM,645
6365,10041,2023-06-09 13:00:00,MGBRY,89
6366,10043,2023-06-09 13:00:00,FRDST,597
6366,10043,2023-06-09 13:00:00,SNKVM,895
6366,10043,2023-06-09 13:00:00,MGBRY,898
6367,10045,2023-06-09 13:00:00,FRDST,988
6367,10045,2023-06-09 13:00:00,SNKVM,152
6367,10045,2023-06-09 13:00:00,MGBRY,90
6368,10046,2023-06-09 13:00:00,FRDST,998
6368,10046,2023-06-09 13:00:00,SNKVM,888
6368,10046,2023-06-09 13:00:00,MGBRY,406
6369,10050,2023-06-09 13:00:00,FRDST,1044
6369,10050,2023-06-09 13:00:00,SNKVM,295
6369,10050,2023-06-09 13:00:00,MGBRY,1144
6370,10051,2023-06-09 13:00:00,FRDST,1092
6370,10051,2023-06-09 13:00:00,SNKVM,347
6370,10051,2023-06-09 13:00:00,MGBRY,861
6371,10052,2023-06-09 13:00:00,FRDST,1128
6371,10052,2023-06-09 13:00:00,SNKVM,1171
6371,10052,2023-06-09 13:00:00,MGBRY,123
6372,10053,2023-06-09 13:00:00,FRDST,273
6372,10053,2023-06-09 13:00:00,SNKVM,1012
6372,10053,2023-06-09 13:00:00,MGBRY,743
6373,10055,2023-06-09 13:00:00,FRDST,325
6373,10055,2023-06-09 13:00:00,SNKVM,54
6373,10055,2023-06-09 13:00:00,MGBRY,551
6374,10058,2023-06-09 13:00:00,FRDST,365
6374,10058,2023-06-09 13:00:00,SNKVM,656
6374,10058,2023-06-09 13:00:00,MGBRY,400
6375,10059,2023-06-09 13:00:00,FRDST,547
6375,10059,2023-06-09 13:00:00,SNKVM,879
6375,10059,2023-06-09 13:00:00,MGBRY,1050
6376,10060,2023-06-09 13:00:00,FRDST,983
6376,10060,2023-06-09 13:00:00,SNKVM,616
6376,10060,2023-06-09 13:00:00,MGBRY,669
6377,10063,2023-06-09 13:00:00,FRDST,961
6377,10063,2023-06-09 13:00:00,SNKVM,1152
6377,10063,2023-06-09 13:00:00,MGBRY,517
6378,10064,2023-06-09 13:00:00,FRDST,356
6378,10064,2023-06-09 13:00:00,SNKVM,376
6378,10064,2023-06-09 13:00:00,MGBRY,740
6379,10065,2023-06-09 13:00:00,FRDST,831
6379,10065,2023-06-09 13:00:00,SNKVM,1115
6379,10065,2023-06-09 13:00:00,MGBRY,673
6380,10068,2023-06-09 13:00:00,FRDST,1109
6380,10068,2023-06-09 13:00:00,SNKVM,893
6380,10068,2023-06-09 13:00:00,MGBRY,807
6381,10069,2023-06-09 13:00:00,FRDST,156
6381,10069,2023-06-09 13:00:00,SNKVM,719
6381,10069,2023-06-09 13:00:00,MGBRY,106
6382,10072,2023-06-09 13:00:00,FRDST,300
6382,10072,2023-06-09 13:00:00,SNKVM,1018
6382,10072,2023-06-09 13:00:00,MGBRY,338
6383,10073,2023-06-09 13:00:00,FRDST,415
6383,10073,2023-06-09 13:00:00,SNKVM,599
6383,10073,2023-06-09 13:00:00,MGBRY,526
6384,10074,2023-06-09 13:00:00,FRDST,601
6384,10074,2023-06-09 13:00:00,SNKVM,983
6384,10074,2023-06-09 13:00:00,MGBRY,814
6385,10075,2023-06-09 13:00:00,FRDST,418
6385,10075,2023-06-09 13:00:00,SNKVM,492
6385,10075,2023-06-09 13:00:00,MGBRY,735
6386,10076,2023-06-09 13:00:00,FRDST,77
6386,10076,2023-06-09 13:00:00,SNKVM,1037
6386,10076,2023-06-09 13:00:00,MGBRY,503
6387,10077,2023-06-09 13:00:00,FRDST,450
6387,10077,2023-06-09 13:00:00,SNKVM,252
6387,10077,2023-06-09 13:00:00,MGBRY,163
6388,10079,2023-06-09 13:00:00,FRDST,968
6388,10079,2023-06-09 13:00:00,SNKVM,922
6388,10079,2023-06-09 13:00:00,MGBRY,1096
6389,10081,2023-06-09 13:00:00,FRDST,675
6389,10081,2023-06-09 13:00:00,SNKVM,530
6389,10081,2023-06-09 13:00:00,MGBRY,552
6390,10083,2023-06-09 13:00:00,FRDST,597
6390,10083,2023-06-09 13:00:00,SNKVM,770
6390,10083,2023-06-09 13:00:00,MGBRY,1191
6391,10085,2023-06-09 13:00:00,FRDST,223
6391,10085,2023-06-09 13:00:00,SNKVM,1087
6391,10085,2023-06-09 13:00:00,MGBRY,354
6392,10087,2023-06-09 13:00:00,FRDST,1060
6392,10087,2023-06-09 13:00:00,SNKVM,314
6392,10087,2023-06-09 13:00:00,MGBRY,737
6393,10089,2023-06-09 13:00:00,FRDST,482
6393,10089,2023-06-09 13:00:00,SNKVM,1078
6393,10089,2023-06-09 13:00:00,MGBRY,757
6394,10090,2023-06-09 13:00:00,FRDST,87
6394,10090,2023-06-09 13:00:00,SNKVM,1141
6394,10090,2023-06-09 13:00:00,MGBRY,1031
6395,10091,2023-06-09 13:00:00,FRDST,474
6395,10091,2023-06-09 13:00:00,SNKVM,175
6395,10091,2023-06-09 13:00:00,MGBRY,134
6396,10093,2023-06-09 13:00:00,FRDST,611
6396,10093,2023-06-09 13:00:00,SNKVM,674
6396,10093,2023-06-09 13:00:00,MGBRY,426
6397,10095,2023-06-09 13:00:00,FRDST,65
6397,10095,2023-06-09 13:00:00,SNKVM,210
6397,10095,2023-06-09 13:00:00,MGBRY,392
6398,10096,2023-06-09 13:00:00,FRDST,308
6398,10096,2023-06-09 13:00:00,SNKVM,161
6398,10096,2023-06-09 13:00:00,MGBRY,1103
6399,10098,2023-06-09 13:00:00,FRDST,1005
6399,10098,2023-06-09 13:00:00,SNKVM,644
6399,10098,2023-06-09 13:00:00,MGBRY,907
6400,10099,2023-06-09 13:00:00,FRDST,242
6400,10099,2023-06-09 13:00:00,SNKVM,261
6400,10099,2023-06-09 13:00:00,MGBRY,969
6401,10100,2023-06-09 13:00:00,FRDST,927
6401,10100,2023-06-09 13:00:00,SNKVM,457
6401,10100,2023-06-09 13:00:00,MGBRY,190
6402,10101,2023-06-09 13:00:00,FRDST,650
6402,10101,2023-06-09 13:00:00,SNKVM,463
6402,10101,2023-06-09 13:00:00,MGBRY,92
6403,10103,2023-06-09 13:00:00,FRDST,799
6403,10103,2023-06-09 13:00:00,SNKVM,420
6403,10103,2023-06-09 13:00:00,MGBRY,1136
6404,10107,2023-06-09 13:00:00,FRDST,398
6404,10107,2023-06-09 13:00:00,SNKVM,481
6404,10107,2023-06-09 13:00:00,MGBRY,217
6405,10109,2023-06-09 13:00:00,FRDST,347
6405,10109,2023-06-09 13:00:00,SNKVM,884
6405,10109,2023-06-09 13:00:00,MGBRY,904
6406,10110,2023-06-09 13:00:00,FRDST,372
6406,10110,2023-06-09 13:00:00,SNKVM,945
6406,10110,2023-06-09 13:00:00,MGBRY,934
6407,10111,2023-06-09 13:00:00,FRDST,1073
6407,10111,2023-06-09 13:00:00,SNKVM,434
6407,10111,2023-06-09 13:00:00,MGBRY,820
6408,10112,2023-06-09 13:00:00,FRDST,125
6408,10112,2023-06-09 13:00:00,SNKVM,1114
6408,10112,2023-06-09 13:00:00,MGBRY,514
6409,10113,2023-06-09 13:00:00,FRDST,588
6409,10113,2023-06-09 13:00:00,SNKVM,530
6409,10113,2023-06-09 13:00:00,MGBRY,730
6410,10117,2023-06-09 13:00:00,FRDST,652
6410,10117,2023-06-09 13:00:00,SNKVM,282
6410,10117,2023-06-09 13:00:00,MGBRY,543
6411,10119,2023-06-09 13:00:00,FRDST,1164
6411,10119,2023-06-09 13:00:00,SNKVM,491
6411,10119,2023-06-09 13:00:00,MGBRY,696
6412,10121,2023-06-09 13:00:00,FRDST,459
6412,10121,2023-06-09 13:00:00,SNKVM,1147
6412,10121,2023-06-09 13:00:00,MGBRY,398
6413,10123,2023-06-09 13:00:00,FRDST,244
6413,10123,2023-06-09 13:00:00,SNKVM,971
6413,10123,2023-06-09 13:00:00,MGBRY,444
6414,10124,2023-06-09 13:00:00,FRDST,503
6414,10124,2023-06-09 13:00:00,SNKVM,1136
6414,10124,2023-06-09 13:00:00,MGBRY,209
6415,10125,2023-06-09 13:00:00,FRDST,307
6415,10125,2023-06-09 13:00:00,SNKVM,1057
6415,10125,2023-06-09 13:00:00,MGBRY,587
6416,10127,2023-06-09 13:00:00,FRDST,603
6416,10127,2023-06-09 13:00:00,SNKVM,981
6416,10127,2023-06-09 13:00:00,MGBRY,299
6417,10132,2023-06-09 13:00:00,FRDST,687
6417,10132,2023-06-09 13:00:00,SNKVM,800
6417,10132,2023-06-09 13:00:00,MGBRY,612
6418,10133,2023-06-09 13:00:00,FRDST,166
6418,10133,2023-06-09 13:00:00,SNKVM,1036
6418,10133,2023-06-09 13:00:00,MGBRY,990
6419,10134,2023-06-09 13:00:00,FRDST,771
6419,10134,2023-06-09 13:00:00,SNKVM,714
6419,10134,2023-06-09 13:00:00,MGBRY,808
6420,10135,2023-06-09 13:00:00,FRDST,1107
6420,10135,2023-06-09 13:00:00,SNKVM,269
6420,10135,2023-06-09 13:00:00,MGBRY,799
6421,10137,2023-06-09 13:00:00,FRDST,563
6421,10137,2023-06-09 13:00:00,SNKVM,199
6421,10137,2023-06-09 13:00:00,MGBRY,306
6422,10138,2023-06-09 13:00:00,FRDST,1116
6422,10138,2023-06-09 13:00:00,SNKVM,417
6422,10138,2023-06-09 13:00:00,MGBRY,777
6423,10140,2023-06-09 13:00:00,FRDST,855
6423,10140,2023-06-09 13:00:00,SNKVM,1060
6423,10140,2023-06-09 13:00:00,MGBRY,673
6424,10151,2023-06-11 12:00:00,FRDST,652
6424,10151,2023-06-11 12:00:00,SNKVM,111
6424,10151,2023-06-11 12:00:00,MGBRY,495
6425,10152,2023-06-11 12:00:00,FRDST,388
6425,10152,2023-06-11 12:00:00,SNKVM,73
6425,10152,2023-06-11 12:00:00,MGBRY,641
6426,10153,2023-06-11 12:00:00,FRDST,628
6426,10153,2023-06-11 12:00:00,SNKVM,890
6426,10153,2023-06-11 12:00:00,MGBRY,550
6427,10154,2023-06-11 12:00:00,FRDST,871
6427,10154,2023-06-11 12:00:00,SNKVM,441
6427,10154,2023-06-11 12:00:00,MGBRY,485
6428,10156,2023-06-11 12:00:00,FRDST,480
6428,10156,2023-06-11 12:00:00,SNKVM,544
6428,10156,2023-06-11 12:00:00,MGBRY,822
6429,10159,2023-06-11 12:00:00,FRDST,607
6429,10159,2023-06-11 12:00:00,SNKVM,256
6429,10159,2023-06-11 12:00:00,MGBRY,601
6430,10160,2023-06-11 12:00:00,FRDST,279
6430,10160,2023-06-11 12:00:00,SNKVM,524
6430,10160,2023-06-11 12:00:00,MGBRY,1058
6431,10161,2023-06-11 12:00:00,FRDST,75
6431,10161,2023-06-11 12:00:00,SNKVM,621
6431,10161,2023-06-11 12:00:00,MGBRY,559
6432,10163,2023-06-11 12:00:00,FRDST,292
6432,10163,2023-06-11 12:00:00,SNKVM,827
6432,10163,2023-06-11 12:00:00,MGBRY,670
6433,10166,2023-06-11 12:00:00,FRDST,841
6433,10166,2023-06-11 12:00:00,SNKVM,290
6433,10166,2023-06-11 12:00:00,MGBRY,491
6434,10167,2023-06-11 12:00:00,FRDST,484
6434,10167,2023-06-11 12:00:00,SNKVM,518
6434,10167,2023-06-11 12:00:00,MGBRY,168
6435,10171,2023-06-11 12:00:00,FRDST,956
6435,10171,2023-06-11 12:00:00,SNKVM,266
6435,10171,2023-06-11 12:00:00,MGBRY,326
6436,10172,2023-06-11 12:00:00,FRDST,667
6436,10172,2023-06-11 12:00:00,SNKVM,645
6436,10172,2023-06-11 12:00:00,MGBRY,824
6437,10173,2023-06-11 12:00:00,FRDST,977
6437,10173,2023-06-11 12:00:00,SNKVM,104
6437,10173,2023-06-11 12:00:00,MGBRY,136
6438,10178,2023-06-11 12:00:00,FRDST,851
6438,10178,2023-06-11 12:00:00,SNKVM,1058
6438,10178,2023-06-11 12:00:00,MGBRY,339
6439,10179,2023-06-11 12:00:00,FRDST,747
6439,10179,2023-06-11 12:00:00,SNKVM,1069
6439,10179,2023-06-11 12:00:00,MGBRY,820
6440,10180,2023-06-11 12:00:00,FRDST,418
6440,10180,2023-06-11 12:00:00,SNKVM,1132
6440,10180,2023-06-11 12:00:00,MGBRY,200
6441,10183,2023-06-11 12:00:00,FRDST,825
6441,10183,2023-06-11 12:00:00,SNKVM,687
6441,10183,2023-06-11 12:00:00,MGBRY,1112
6442,10187,2023-06-11 12:00:00,FRDST,507
6442,10187,2023-06-11 12:00:00,SNKVM,955
6442,10187,2023-06-11 12:00:00,MGBRY,662
6443,10188,2023-06-11 12:00:00,FRDST,194
6443,10188,2023-06-11 12:00:00,SNKVM,230
6443,10188,2023-06-11 12:00:00,MGBRY,1087
6444,10189,2023-06-11 12:00:00,FRDST,617
6444,10189,2023-06-11 12:00:00,SNKVM,705
6444,10189,2023-06-11 12:00:00,MGBRY,612
6445,10194,2023-06-11 12:00:00,FRDST,563
6445,10194,2023-06-11 12:00:00,SNKVM,832
6445,10194,2023-06-11 12:00:00,MGBRY,633
6446,10195,2023-06-11 12:00:00,FRDST,858
6446,10195,2023-06-11 12:00:00,SNKVM,1105
6446,10195,2023-06-11 12:00:00,MGBRY,916
6447,10196,2023-06-11 12:00:00,FRDST,61
6447,10196,2023-06-11 12:00:00,SNKVM,1054
6447,10196,2023-06-11 12:00:00,MGBRY,532
6448,10198,2023-06-11 12:00:00,FRDST,856
6448,10198,2023-06-11 12:00:00,SNKVM,151
6448,10198,2023-06-11 12:00:00,MGBRY,943
6449,10202,2023-06-11 12:00:00,FRDST,1173
6449,10202,2023-06-11 12:00:00,SNKVM,557
6449,10202,2023-06-11 12:00:00,MGBRY,887
6450,10204,2023-06-11 12:00:00,FRDST,1169
6450,10204,2023-06-11 12:00:00,SNKVM,664
6450,10204,2023-06-11 12:00:00,MGBRY,138
6451,10205,2023-06-11 12:00:00,FRDST,717
6451,10205,2023-06-11 12:00:00,SNKVM,831
6451,10205,2023-06-11 12:00:00,MGBRY,1034
6452,10206,2023-06-11 12:00:00,FRDST,1117
6452,10206,2023-06-11 12:00:00,SNKVM,1002
6452,10206,2023-06-11 12:00:00,MGBRY,1194
6453,10208,2023-06-11 12:00:00,FRDST,1107
6453,10208,2023-06-11 12:00:00,SNKVM,948
6453,10208,2023-06-11 12:00:00,MGBRY,1016
6454,10209,2023-06-11 12:00:00,FRDST,827
6454,10209,2023-06-11 12:00:00,SNKVM,822
6454,10209,2023-06-11 12:00:00,MGBRY,320
6455,10210,2023-06-11 12:00:00,FRDST,331
6455,10210,2023-06-11 12:00:00,SNKVM,805
6455,10210,2023-06-11 12:00:00,MGBRY,53
6456,10212,2023-06-11 12:00:00,FRDST,749
6456,10212,2023-06-11 12:00:00,SNKVM,129
6456,10212,2023-06-11 12:00:00,MGBRY,153
6457,10217,2023-06-11 12:00:00,FRDST,656
6457,10217,2023-06-11 12:00:00,SNKVM,995
6457,10217,2023-06-11 12:00:00,MGBRY,593
6458,10218,2023-06-11 12:00:00,FRDST,812
6458,10218,2023-06-11 12:00:00,SNKVM,766
6458,10218,2023-06-11 12:00:00,MGBRY,193
6459,10224,2023-06-11 12:00:00,FRDST,731
6459,10224,2023-06-11 12:00:00,SNKVM,824
6459,10224,2023-06-11 12:00:00,MGBRY,304
6460,10228,2023-06-11 12:00:00,FRDST,1107
6460,10228,2023-06-11 12:00:00,SNKVM,755
6460,10228,2023-06-11 12:00:00,MGBRY,79
6461,10230,2023-06-11 12:00:00,FRDST,500
6461,10230,2023-06-11 12:00:00,SNKVM,175
6461,10230,2023-06-11 12:00:00,MGBRY,205
6462,10231,2023-06-11 12:00:00,FRDST,689
6462,10231,2023-06-11 12:00:00,SNKVM,693
6462,10231,2023-06-11 12:00:00,MGBRY,435
6463,10232,2023-06-11 12:00:00,FRDST,766
6463,10232,2023-06-11 12:00:00,SNKVM,1032
6463,10232,2023-06-11 12:00:00,MGBRY,159
6464,10233,2023-06-11 12:00:00,FRDST,115
6464,10233,2023-06-11 12:00:00,SNKVM,382
6464,10233,2023-06-11 12:00:00,MGBRY,312
6465,10234,2023-06-11 12:00:00,FRDST,698
6465,10234,2023-06-11 12:00:00,SNKVM,927
6465,10234,2023-06-11 12:00:00,MGBRY,912
6466,10236,2023-06-11 12:00:00,FRDST,768
6466,10236,2023-06-11 12:00:00,SNKVM,666
6466,10236,2023-06-11 12:00:00,MGBRY,297
6467,10237,2023-06-11 12:00:00,FRDST,304
6467,10237,2023-06-11 12:00:00,SNKVM,489
6467,10237,2023-06-11 12:00:00,MGBRY,909
6468,10239,2023-06-11 12:00:00,FRDST,348
6468,10239,2023-06-11 12:00:00,SNKVM,866
6468,10239,2023-06-11 12:00:00,MGBRY,928
6469,10240,2023-06-11 12:00:00,FRDST,762
6469,10240,2023-06-11 12:00:00,SNKVM,249
6469,10240,2023-06-11 12:00:00,MGBRY,1068
6470,10244,2023-06-11 12:00:00,FRDST,470
6470,10244,2023-06-11 12:00:00,SNKVM,696
6470,10244,2023-06-11 12:00:00,MGBRY,1045
6471,10246,2023-06-11 12:00:00,FRDST,531
6471,10246,2023-06-11 12:00:00,SNKVM,286
6471,10246,2023-06-11 12:00:00,MGBRY,77
6472,10249,2023-06-11 12:00:00,FRDST,58
6472,10249,2023-06-11 12:00:00,SNKVM,169
6472,10249,2023-06-11 12:00:00,MGBRY,915
6473,10253,2023-06-11 12:00:00,FRDST,187
6473,10253,2023-06-11 12:00:00,SNKVM,317
6473,10253,2023-06-11 12:00:00,MGBRY,1030
6474,10255,2023-06-11 12:00:00,FRDST,1102
6474,10255,2023-06-11 12:00:00,SNKVM,610
6474,10255,2023-06-11 12:00:00,MGBRY,241
6475,10258,2023-06-11 12:00:00,FRDST,704
6475,10258,2023-06-11 12:00:00,SNKVM,226
6475,10258,2023-06-11 12:00:00,MGBRY,1187
6476,10262,2023-06-11 12:00:00,FRDST,958
6476,10262,2023-06-11 12:00:00,SNKVM,979
6476,10262,2023-06-11 12:00:00,MGBRY,637
6477,10263,2023-06-11 12:00:00,FRDST,663
6477,10263,2023-06-11 12:00:00,SNKVM,705
6477,10263,2023-06-11 12:00:00,MGBRY,1051
6478,10264,2023-06-11 12:00:00,FRDST,131
6478,10264,2023-06-11 12:00:00,SNKVM,476
6478,10264,2023-06-11 12:00:00,MGBRY,59
6479,10265,2023-06-11 12:00:00,FRDST,224
6479,10265,2023-06-11 12:00:00,SNKVM,326
6479,10265,2023-06-11 12:00:00,MGBRY,467
6480,10267,2023-06-11 12:00:00,FRDST,778
6480,10267,2023-06-11 12:00:00,SNKVM,681
6480,10267,2023-06-11 12:00:00,MGBRY,328
6481,10268,2023-06-11 12:00:00,FRDST,809
6481,10268,2023-06-11 12:00:00,SNKVM,193
6481,10268,2023-06-11 12:00:00,MGBRY,1078
6482,10269,2023-06-11 12:00:00,FRDST,944
6482,10269,2023-06-11 12:00:00,SNKVM,774
6482,10269,2023-06-11 12:00:00,MGBRY,843
6483,10270,2023-06-11 12:00:00,FRDST,161
6483,10270,2023-06-11 12:00:00,SNKVM,1045
6483,10270,2023-06-11 12:00:00,MGBRY,414
6484,10271,2023-06-11 12:00:00,FRDST,651
6484,10271,2023-06-11 12:00:00,SNKVM,1067
6484,10271,2023-06-11 12:00:00,MGBRY,236
6485,10275,2023-06-11 12:00:00,FRDST,213
6485,10275,2023-06-11 12:00:00,SNKVM,487
6485,10275,2023-06-11 12:00:00,MGBRY,1160
6486,10277,2023-06-11 12:00:00,FRDST,269
6486,10277,2023-06-11 12:00:00,SNKVM,246
6486,10277,2023-06-11 12:00:00,MGBRY,694
6487,10280,2023-06-11 12:00:00,FRDST,336
6487,10280,2023-06-11 12:00:00,SNKVM,300
6487,10280,2023-06-11 12:00:00,MGBRY,703
6488,10281,2023-06-11 12:00:00,FRDST,973
6488,10281,2023-06-11 12:00:00,SNKVM,783
6488,10281,2023-06-11 12:00:00,MGBRY,785
6489,10282,2023-06-11 12:00:00,FRDST,375
6489,10282,2023-06-11 12:00:00,SNKVM,650
6489,10282,2023-06-11 12:00:00,MGBRY,372
6490,10283,2023-06-11 12:00:00,FRDST,116
6490,10283,2023-06-11 12:00:00,SNKVM,1102
6490,10283,2023-06-11 12:00:00,MGBRY,1036
6491,10286,2023-06-11 12:00:00,FRDST,317
6491,10286,2023-06-11 12:00:00,SNKVM,817
6491,10286,2023-06-11 12:00:00,MGBRY,976
6492,10290,2023-06-12 08:00:00,FRDST,599
6492,10290,2023-06-12 08:00:00,SNKVM,931
6492,10290,2023-06-12 08:00:00,MGBRY,859
6493,10294,2023-06-12 08:00:00,FRDST,163
6493,10294,2023-06-12 08:00:00,SNKVM,263
6493,10294,2023-06-12 08:00:00,MGBRY,156
6494,10297,2023-06-12 08:00:00,FRDST,243
6494,10297,2023-06-12 08:00:00,SNKVM,149
6494,10297,2023-06-12 08:00:00,MGBRY,243
6495,10298,2023-06-12 08:00:00,FRDST,373
6495,10298,2023-06-12 08:00:00,SNKVM,887
6495,10298,2023-06-12 08:00:00,MGBRY,402
6496,10299,2023-06-12 08:00:00,FRDST,922
6496,10299,2023-06-12 08:00:00,SNKVM,954
6496,10299,2023-06-12 08:00:00,MGBRY,989
6497,10300,2023-06-12 08:00:00,FRDST,788
6497,10300,2023-06-12 08:00:00,SNKVM,196
6497,10300,2023-06-12 08:00:00,MGBRY,519
6498,10301,2023-06-12 08:00:00,FRDST,624
6498,10301,2023-06-12 08:00:00,SNKVM,1123
6498,10301,2023-06-12 08:00:00,MGBRY,143
6499,10302,2023-06-12 08:00:00,FRDST,227
6499,10302,2023-06-12 08:00:00,SNKVM,845
6499,10302,2023-06-12 08:00:00,MGBRY,873
6500,10303,2023-06-12 08:00:00,FRDST,591
6500,10303,2023-06-12 08:00:00,SNKVM,723
6500,10303,2023-06-12 08:00:00,MGBRY,208
6501,10304,2023-06-12 08:00:00,FRDST,258
6501,10304,2023-06-12 08:00:00,SNKVM,129
6501,10304,2023-06-12 08:00:00,MGBRY,1157
6502,10305,2023-06-12 08:00:00,FRDST,237
6502,10305,2023-06-12 08:00:00,SNKVM,982
6502,10305,2023-06-12 08:00:00,MGBRY,234
6503,10306,2023-06-12 08:00:00,FRDST,814
6503,10306,2023-06-12 08:00:00,SNKVM,1166
6503,10306,2023-06-12 08:00:00,MGBRY,149
6504,10307,2023-06-12 08:00:00,FRDST,97
6504,10307,2023-06-12 08:00:00,SNKVM,704
6504,10307,2023-06-12 08:00:00,MGBRY,609
6505,10308,2023-06-12 08:00:00,FRDST,345
6505,10308,2023-06-12 08:00:00,SNKVM,1010
6505,10308,2023-06-12 08:00:00,MGBRY,419
6506,10309,2023-06-12 08:00:00,FRDST,277
6506,10309,2023-06-12 08:00:00,SNKVM,594
6506,10309,2023-06-12 08:00:00,MGBRY,135
6507,10310,2023-06-12 08:00:00,FRDST,1159
6507,10310,2023-06-12 08:00:00,SNKVM,1098
6507,10310,2023-06-12 08:00:00,MGBRY,1182
6508,10311,2023-06-12 08:00:00,FRDST,702
6508,10311,2023-06-12 08:00:00,SNKVM,106
6508,10311,2023-06-12 08:00:00,MGBRY,836
6509,10313,2023-06-12 08:00:00,FRDST,401
6509,10313,2023-06-12 08:00:00,SNKVM,485
6509,10313,2023-06-12 08:00:00,MGBRY,427
6510,10316,2023-06-12 08:00:00,FRDST,882
6510,10316,2023-06-12 08:00:00,SNKVM,1008
6510,10316,2023-06-12 08:00:00,MGBRY,1077
6511,10317,2023-06-12 08:00:00,FRDST,1104
6511,10317,2023-06-12 08:00:00,SNKVM,374
6511,10317,2023-06-12 08:00:00,MGBRY,344
6512,10318,2023-06-12 08:00:00,FRDST,81
6512,10318,2023-06-12 08:00:00,SNKVM,1017
6512,10318,2023-06-12 08:00:00,MGBRY,1115
6513,10319,2023-06-12 08:00:00,FRDST,1107
6513,10319,2023-06-12 08:00:00,SNKVM,306
6513,10319,2023-06-12 08:00:00,MGBRY,1135
6514,10320,2023-06-12 08:00:00,FRDST,813
6514,10320,2023-06-12 08:00:00,SNKVM,381
6514,10320,2023-06-12 08:00:00,MGBRY,58
6515,10321,2023-06-12 08:00:00,FRDST,549
6515,10321,2023-06-12 08:00:00,SNKVM,449
6515,10321,2023-06-12 08:00:00,MGBRY,81
6516,10322,2023-06-12 08:00:00,FRDST,588
6516,10322,2023-06-12 08:00:00,SNKVM,63
6516,10322,2023-06-12 08:00:00,MGBRY,85
6517,10324,2023-06-12 08:00:00,FRDST,1002
6517,10324,2023-06-12 08:00:00,SNKVM,893
6517,10324,2023-06-12 08:00:00,MGBRY,432
6518,10325,2023-06-12 08:00:00,FRDST,764
6518,10325,2023-06-12 08:00:00,SNKVM,323
6518,10325,2023-06-12 08:00:00,MGBRY,85
6519,10328,2023-06-12 08:00:00,FRDST,125
6519,10328,2023-06-12 08:00:00,SNKVM,578
6519,10328,2023-06-12 08:00:00,MGBRY,405
6520,10329,2023-06-12 08:00:00,FRDST,705
6520,10329,2023-06-12 08:00:00,SNKVM,919
6520,10329,2023-06-12 08:00:00,MGBRY,795
6521,10330,2023-06-12 08:00:00,FRDST,627
6521,10330,2023-06-12 08:00:00,SNKVM,642
6521,10330,2023-06-12 08:00:00,MGBRY,1187
6522,10332,2023-06-12 08:00:00,FRDST,773
6522,10332,2023-06-12 08:00:00,SNKVM,262
6522,10332,2023-06-12 08:00:00,MGBRY,886
6523,10333,2023-06-12 08:00:00,FRDST,58
6523,10333,2023-06-12 08:00:00,SNKVM,1072
6523,10333,2023-06-12 08:00:00,MGBRY,682
6524,10334,2023-06-12 08:00:00,FRDST,678
6524,10334,2023-06-12 08:00:00,SNKVM,1186
6524,10334,2023-06-12 08:00:00,MGBRY,927
6525,10335,2023-06-12 08:00:00,FRDST,507
6525,10335,2023-06-12 08:00:00,SNKVM,613
6525,10335,2023-06-12 08:00:00,MGBRY,1089
6526,10337,2023-06-12 08:00:00,FRDST,789
6526,10337,2023-06-12 08:00:00,SNKVM,222
6526,10337,2023-06-12 08:00:00,MGBRY,694
6527,10339,2023-06-12 08:00:00,FRDST,570
6527,10339,2023-06-12 08:00:00,SNKVM,532
6527,10339,2023-06-12 08:00:00,MGBRY,614
6528,10340,2023-06-12 08:00:00,FRDST,135
6528,10340,2023-06-12 08:00:00,SNKVM,1001
6528,10340,2023-06-12 08:00:00,MGBRY,1060
6529,10341,2023-06-12 08:00:00,FRDST,322
6529,10341,2023-06-12 08:00:00,SNKVM,832
6529,10341,2023-06-12 08:00:00,MGBRY,581
6530,10342,2023-06-12 08:00:00,FRDST,1095
6530,10342,2023-06-12 08:00:00,SNKVM,225
6530,10342,2023-06-12 08:00:00,MGBRY,232
6531,10343,2023-06-12 08:00:00,FRDST,461
6531,10343,2023-06-12 08:00:00,SNKVM,1067
6531,10343,2023-06-12 08:00:00,MGBRY,1098
6532,10344,2023-06-12 08:00:00,FRDST,209
6532,10344,2023-06-12 08:00:00,SNKVM,96
6532,10344,2023-06-12 08:00:00,MGBRY,624
6533,10347,2023-06-12 08:00:00,FRDST,593
6533,10347,2023-06-12 08:00:00,SNKVM,681
6533,10347,2023-06-12 08:00:00,MGBRY,710
6534,10350,2023-06-12 08:00:00,FRDST,355
6534,10350,2023-06-12 08:00:00,SNKVM,845
6534,10350,2023-06-12 08:00:00,MGBRY,583
6535,10356,2023-06-12 08:00:00,FRDST,699
6535,10356,2023-06-12 08:00:00,SNKVM,1158
6535,10356,2023-06-12 08:00:00,MGBRY,1045
6536,10360,2023-06-12 08:00:00,FRDST,548
6536,10360,2023-06-12 08:00:00,SNKVM,138
6536,10360,2023-06-12 08:00:00,MGBRY,540
6537,10363,2023-06-12 08:00:00,FRDST,880
6537,10363,2023-06-12 08:00:00,SNKVM,54
6537,10363,2023-06-12 08:00:00,MGBRY,472
6538,10367,2023-06-12 08:00:00,FRDST,381
6538,10367,2023-06-12 08:00:00,SNKVM,762
6538,10367,2023-06-12 08:00:00,MGBRY,913
6539,10368,2023-06-12 08:00:00,FRDST,832
6539,10368,2023-06-12 08:00:00,SNKVM,1056
6539,10368,2023-06-12 08:00:00,MGBRY,929
6540,10373,2023-06-12 08:00:00,FRDST,1159
6540,10373,2023-06-12 08:00:00,SNKVM,779
6540,10373,2023-06-12 08:00:00,MGBRY,1027
6541,10374,2023-06-12 08:00:00,FRDST,433
6541,10374,2023-06-12 08:00:00,SNKVM,191
6541,10374,2023-06-12 08:00:00,MGBRY,366
6542,10379,2023-06-12 08:00:00,FRDST,1174
6542,10379,2023-06-12 08:00:00,SNKVM,267
6542,10379,2023-06-12 08:00:00,MGBRY,904
6543,10384,2023-06-12 08:00:00,FRDST,932
6543,10384,2023-06-12 08:00:00,SNKVM,1173
6543,10384,2023-06-12 08:00:00,MGBRY,394
6544,10386,2023-06-12 08:00:00,FRDST,904
6544,10386,2023-06-12 08:00:00,SNKVM,979
6544,10386,2023-06-12 08:00:00,MGBRY,598
6545,10388,2023-06-12 08:00:00,FRDST,447
6545,10388,2023-06-12 08:00:00,SNKVM,289
6545,10388,2023-06-12 08:00:00,MGBRY,1062
6546,10389,2023-06-12 08:00:00,FRDST,719
6546,10389,2023-06-12 08:00:00,SNKVM,912
6546,10389,2023-06-12 08:00:00,MGBRY,547
6547,10390,2023-06-12 08:00:00,FRDST,1165
6547,10390,2023-06-12 08:00:00,SNKVM,894
6547,10390,2023-06-12 08:00:00,MGBRY,462
6548,10395,2023-06-12 08:00:00,FRDST,985
6548,10395,2023-06-12 08:00:00,SNKVM,422
6548,10395,2023-06-12 08:00:00,MGBRY,623
6549,10396,2023-06-12 08:00:00,FRDST,699
6549,10396,2023-06-12 08:00:00,SNKVM,1057
6549,10396,2023-06-12 08:00:00,MGBRY,155
6550,10398,2023-06-12 08:00:00,FRDST,1144
6550,10398,2023-06-12 08:00:00,SNKVM,1077
6550,10398,2023-06-12 08:00:00,MGBRY,646
6551,10399,2023-06-12 08:00:00,FRDST,614
6551,10399,2023-06-12 08:00:00,SNKVM,1018
6551,10399,2023-06-12 08:00:00,MGBRY,262
6552,10402,2023-06-12 08:00:00,FRDST,896
6552,10402,2023-06-12 08:00:00,SNKVM,67
6552,10402,2023-06-12 08:00:00,MGBRY,548
6553,10406,2023-06-12 08:00:00,FRDST,123
6553,10406,2023-06-12 08:00:00,SNKVM,311
6553,10406,2023-06-12 08:00:00,MGBRY,1174
6554,10407,2023-06-12 08:00:00,FRDST,848
6554,10407,2023-06-12 08:00:00,SNKVM,413
6554,10407,2023-06-12 08:00:00,MGBRY,780
6555,10409,2023-06-12 08:00:00,FRDST,208
6555,10409,2023-06-12 08:00:00,SNKVM,767
6555,10409,2023-06-12 08:00:00,MGBRY,757
6556,10411,2023-06-12 08:00:00,FRDST,797
6556,10411,2023-06-12 08:00:00,SNKVM,477
6556,10411,2023-06-12 08:00:00,MGBRY,735
6557,10412,2023-06-12 08:00:00,FRDST,822
6557,10412,2023-06-12 08:00:00,SNKVM,1088
6557,10412,2023-06-12 08:00:00,MGBRY,1121
6558,10415,2023-06-12 08:00:00,FRDST,629
6558,10415,2023-06-12 08:00:00,SNKVM,1013
6558,10415,2023-06-12 08:00:00,MGBRY,726
6559,10416,2023-06-12 08:00:00,FRDST,208
6559,10416,2023-06-12 08:00:00,SNKVM,219
6559,10416,2023-06-12 08:00:00,MGBRY,361
6560,10422,2023-06-12 08:00:00,FRDST,705
6560,10422,2023-06-12 08:00:00,SNKVM,370
6560,10422,2023-06-12 08:00:00,MGBRY,796
6561,10423,2023-06-12 08:00:00,FRDST,83
6561,10423,2023-06-12 08:00:00,SNKVM,817
6561,10423,2023-06-12 08:00:00,MGBRY,1088
6562,10426,2023-06-12 08:00:00,FRDST,979
6562,10426,2023-06-12 08:00:00,SNKVM,776
6562,10426,2023-06-12 08:00:00,MGBRY,403
6563,10428,2023-06-12 08:00:00,FRDST,51
6563,10428,2023-06-12 08:00:00,SNKVM,304
6563,10428,2023-06-12 08:00:00,MGBRY,1098
6564,10429,2023-06-12 08:00:00,FRDST,743
6564,10429,2023-06-12 08:00:00,SNKVM,654
6564,10429,2023-06-12 08:00:00,MGBRY,444
6565,10432,2023-06-12 16:00:00,FRDST,892
6565,10432,2023-06-12 16:00:00,SNKVM,1089
6565,10432,2023-06-12 16:00:00,MGBRY,293
6566,10433,2023-06-12 16:00:00,FRDST,192
6566,10433,2023-06-12 16:00:00,SNKVM,539
6566,10433,2023-06-12 16:00:00,MGBRY,604
6567,10434,2023-06-12 16:00:00,FRDST,735
6567,10434,2023-06-12 16:00:00,SNKVM,581
6567,10434,2023-06-12 16:00:00,MGBRY,306
6568,10436,2023-06-12 16:00:00,FRDST,375
6568,10436,2023-06-12 16:00:00,SNKVM,343
6568,10436,2023-06-12 16:00:00,MGBRY,213
6569,10440,2023-06-12 16:00:00,FRDST,788
6569,10440,2023-06-12 16:00:00,SNKVM,151
6569,10440,2023-06-12 16:00:00,MGBRY,1049
6570,10441,2023-06-12 16:00:00,FRDST,472
6570,10441,2023-06-12 16:00:00,SNKVM,381
6570,10441,2023-06-12 16:00:00,MGBRY,166
6571,10443,2023-06-12 16:00:00,FRDST,989
6571,10443,2023-06-12 16:00:00,SNKVM,492
6571,10443,2023-06-12 16:00:00,MGBRY,628
6572,10445,2023-06-12 16:00:00,FRDST,527
6572,10445,2023-06-12 16:00:00,SNKVM,781
6572,10445,2023-06-12 16:00:00,MGBRY,825
6573,10447,2023-06-12 16:00:00,FRDST,484
6573,10447,2023-06-12 16:00:00,SNKVM,109
6573,10447,2023-06-12 16:00:00,MGBRY,1030
6574,10448,2023-06-12 16:00:00,FRDST,136
6574,10448,2023-06-12 16:00:00,SNKVM,1019
6574,10448,2023-06-12 16:00:00,MGBRY,275
6575,10449,2023-06-12 16:00:00,FRDST,904
6575,10449,2023-06-12 16:00:00,SNKVM,848
6575,10449,2023-06-12 16:00:00,MGBRY,1003
6576,10450,2023-06-12 16:00:00,FRDST,531
6576,10450,2023-06-12 16:00:00,SNKVM,244
6576,10450,2023-06-12 16:00:00,MGBRY,554
6577,10451,2023-06-12 16:00:00,FRDST,77
6577,10451,2023-06-12 16:00:00,SNKVM,596
6577,10451,2023-06-12 16:00:00,MGBRY,721
6578,10454,2023-06-12 16:00:00,FRDST,1105
6578,10454,2023-06-12 16:00:00,SNKVM,320
6578,10454,2023-06-12 16:00:00,MGBRY,79
6579,10455,2023-06-12 16:00:00,FRDST,417
6579,10455,2023-06-12 16:00:00,SNKVM,793
6579,10455,2023-06-12 16:00:00,MGBRY,1115
6580,10460,2023-06-12 16:00:00,FRDST,102
6580,10460,2023-06-12 16:00:00,SNKVM,464
6580,10460,2023-06-12 16:00:00,MGBRY,492
6581,10461,2023-06-12 16:00:00,FRDST,1138
6581,10461,2023-06-12 16:00:00,SNKVM,912
6581,10461,2023-06-12 16:00:00,MGBRY,181
6582,10462,2023-06-12 16:00:00,FRDST,856
6582,10462,2023-06-12 16:00:00,SNKVM,757
6582,10462,2023-06-12 16:00:00,MGBRY,961
6583,10464,2023-06-12 16:00:00,FRDST,496
6583,10464,2023-06-12 16:00:00,SNKVM,1128
6583,10464,2023-06-12 16:00:00,MGBRY,681
6584,10465,2023-06-12 16:00:00,FRDST,174
6584,10465,2023-06-12 16:00:00,SNKVM,588
6584,10465,2023-06-12 16:00:00,MGBRY,898
6585,10473,2023-06-12 16:00:00,FRDST,305
6585,10473,2023-06-12 16:00:00,SNKVM,270
6585,10473,2023-06-12 16:00:00,MGBRY,923
6586,10474,2023-06-12 16:00:00,FRDST,945
6586,10474,2023-06-12 16:00:00,SNKVM,279
6586,10474,2023-06-12 16:00:00,MGBRY,81
6587,10475,2023-06-12 16:00:00,FRDST,648
6587,10475,2023-06-12 16:00:00,SNKVM,505
6587,10475,2023-06-12 16:00:00,MGBRY,327
6588,10480,2023-06-12 16:00:00,FRDST,628
6588,10480,2023-06-12 16:00:00,SNKVM,522
6588,10480,2023-06-12 16:00:00,MGBRY,1188
6589,10484,2023-06-12 16:00:00,FRDST,572
6589,10484,2023-06-12 16:00:00,SNKVM,984
6589,10484,2023-06-12 16:00:00,MGBRY,686
6590,10486,2023-06-12 16:00:00,FRDST,357
6590,10486,2023-06-12 16:00:00,SNKVM,595
6590,10486,2023-06-12 16:00:00,MGBRY,1005
6591,10489,2023-06-12 16:00:00,FRDST,485
6591,10489,2023-06-12 16:00:00,SNKVM,559
6591,10489,2023-06-12 16:00:00,MGBRY,596
6592,10493,2023-06-12 16:00:00,FRDST,732
6592,10493,2023-06-12 16:00:00,SNKVM,1149
6592,10493,2023-06-12 16:00:00,MGBRY,462
6593,10496,2023-06-12 16:00:00,FRDST,1186
6593,10496,2023-06-12 16:00:00,SNKVM,465
6593,10496,2023-06-12 16:00:00,MGBRY,1017
6594,10497,2023-06-12 16:00:00,FRDST,933
6594,10497,2023-06-12 16:00:00,SNKVM,108
6594,10497,2023-06-12 16:00:00,MGBRY,301
6595,10499,2023-06-12 16:00:00,FRDST,1014
6595,10499,2023-06-12 16:00:00,SNKVM,959
6595,10499,2023-06-12 16:00:00,MGBRY,857
6596,10501,2023-06-12 16:00:00,FRDST,360
6596,10501,2023-06-12 16:00:00,SNKVM,1110
6596,10501,2023-06-12 16:00:00,MGBRY,381
6597,10503,2023-06-12 16:00:00,FRDST,154
6597,10503,2023-06-12 16:00:00,SNKVM,904
6597,10503,2023-06-12 16:00:00,MGBRY,105
6598,10504,2023-06-12 16:00:00,FRDST,607
6598,10504,2023-06-12 16:00:00,SNKVM,86
6598,10504,2023-06-12 16:00:00,MGBRY,125
6599,10507,2023-06-12 16:00:00,FRDST,534
6599,10507,2023-06-12 16:00:00,SNKVM,87
6599,10507,2023-06-12 16:00:00,MGBRY,954
6600,10508,2023-06-12 16:00:00,FRDST,360
6600,10508,2023-06-12 16:00:00,SNKVM,1135
6600,10508,2023-06-12 16:00:00,MGBRY,368
6601,10509,2023-06-12 16:00:00,FRDST,354
6601,10509,2023-06-12 16:00:00,SNKVM,666
6601,10509,2023-06-12 16:00:00,MGBRY,282
6602,10510,2023-06-12 16:00:00,FRDST,1029
6602,10510,2023-06-12 16:00:00,SNKVM,490
6602,10510,2023-06-12 16:00:00,MGBRY,664
6603,10514,2023-06-12 16:00:00,FRDST,430
6603,10514,2023-06-12 16:00:00,SNKVM,896
6603,10514,2023-06-12 16:00:00,MGBRY,231
6604,10515,2023-06-12 16:00:00,FRDST,842
6604,10515,2023-06-12 16:00:00,SNKVM,488
6604,10515,2023-06-12 16:00:00,MGBRY,191
6605,10518,2023-06-12 16:00:00,FRDST,614
6605,10518,2023-06-12 16:00:00,SNKVM,1194
6605,10518,2023-06-12 16:00:00,MGBRY,985
6606,10520,2023-06-12 16:00:00,FRDST,639
6606,10520,2023-06-12 16:00:00,SNKVM,442
6606,10520,2023-06-12 16:00:00,MGBRY,697
6607,10523,2023-06-12 16:00:00,FRDST,306
6607,10523,2023-06-12 16:00:00,SNKVM,1011
6607,10523,2023-06-12 16:00:00,MGBRY,530
6608,10524,2023-06-12 16:00:00,FRDST,254
6608,10524,2023-06-12 16:00:00,SNKVM,279
6608,10524,2023-06-12 16:00:00,MGBRY,745
6609,10536,2023-06-12 16:00:00,FRDST,750
6609,10536,2023-06-12 16:00:00,SNKVM,474
6609,10536,2023-06-12 16:00:00,MGBRY,646
6610,10537,2023-06-12 16:00:00,FRDST,616
6610,10537,2023-06-12 16:00:00,SNKVM,293
6610,10537,2023-06-12 16:00:00,MGBRY,308
6611,10538,2023-06-12 16:00:00,FRDST,846
6611,10538,2023-06-12 16:00:00,SNKVM,476
6611,10538,2023-06-12 16:00:00,MGBRY,1010
6612,10539,2023-06-12 16:00:00,FRDST,454
6612,10539,2023-06-12 16:00:00,SNKVM,283
6612,10539,2023-06-12 16:00:00,MGBRY,913
6613,10540,2023-06-12 16:00:00,FRDST,973
6613,10540,2023-06-12 16:00:00,SNKVM,987
6613,10540,2023-06-12 16:00:00,MGBRY,180
6614,10543,2023-06-12 16:00:00,FRDST,808
6614,10543,2023-06-12 16:00:00,SNKVM,942
6614,10543,2023-06-12 16:00:00,MGBRY,646
6615,10545,2023-06-12 16:00:00,FRDST,345
6615,10545,2023-06-12 16:00:00,SNKVM,1015
6615,10545,2023-06-12 16:00:00,MGBRY,353
6616,10546,2023-06-12 16:00:00,FRDST,1105
6616,10546,2023-06-12 16:00:00,SNKVM,436
6616,10546,2023-06-12 16:00:00,MGBRY,1127
6617,10549,2023-06-12 16:00:00,FRDST,820
6617,10549,2023-06-12 16:00:00,SNKVM,267
6617,10549,2023-06-12 16:00:00,MGBRY,97
6618,10550,2023-06-12 16:00:00,FRDST,794
6618,10550,2023-06-12 16:00:00,SNKVM,999
6618,10550,2023-06-12 16:00:00,MGBRY,506
6619,10552,2023-06-12 16:00:00,FRDST,1152
6619,10552,2023-06-12 16:00:00,SNKVM,619
6619,10552,2023-06-12 16:00:00,MGBRY,127
6620,10554,2023-06-12 16:00:00,FRDST,848
6620,10554,2023-06-12 16:00:00,SNKVM,1179
6620,10554,2023-06-12 16:00:00,MGBRY,678
6621,10557,2023-06-12 16:00:00,FRDST,373
6621,10557,2023-06-12 16:00:00,SNKVM,558
6621,10557,2023-06-12 16:00:00,MGBRY,972
6622,10559,2023-06-12 16:00:00,FRDST,1178
6622,10559,2023-06-12 16:00:00,SNKVM,692
6622,10559,2023-06-12 16:00:00,MGBRY,992
6623,10561,2023-06-12 16:00:00,FRDST,95
6623,10561,2023-06-12 16:00:00,SNKVM,910
6623,10561,2023-06-12 16:00:00,MGBRY,1117
6624,10563,2023-06-12 16:00:00,FRDST,539
6624,10563,2023-06-12 16:00:00,SNKVM,156
6624,10563,2023-06-12 16:00:00,MGBRY,138
6625,10568,2023-06-12 16:00:00,FRDST,893
6625,10568,2023-06-12 16:00:00,SNKVM,451
6625,10568,2023-06-12 16:00:00,MGBRY,50
6626,10575,2023-06-12 16:00:00,FRDST,253
6626,10575,2023-06-12 16:00:00,SNKVM,1123
6626,10575,2023-06-12 16:00:00,MGBRY,1013
6627,10576,2023-06-13 14:00:00,FRDST,159
6627,10576,2023-06-13 14:00:00,SNKVM,916
6627,10576,2023-06-13 14:00:00,MGBRY,269
6628,10577,2023-06-13 14:00:00,FRDST,350
6628,10577,2023-06-13 14:00:00,SNKVM,94
6628,10577,2023-06-13 14:00:00,MGBRY,939
6629,10579,2023-06-13 14:00:00,FRDST,452
6629,10579,2023-06-13 14:00:00,SNKVM,720
6629,10579,2023-06-13 14:00:00,MGBRY,87
6630,10582,2023-06-13 14:00:00,FRDST,1147
6630,10582,2023-06-13 14:00:00,SNKVM,482
6630,10582,2023-06-13 14:00:00,MGBRY,608
6631,10583,2023-06-13 14:00:00,FRDST,963
6631,10583,2023-06-13 14:00:00,SNKVM,130
6631,10583,2023-06-13 14:00:00,MGBRY,473
6632,10586,2023-06-13 14:00:00,FRDST,618
6632,10586,2023-06-13 14:00:00,SNKVM,766
6632,10586,2023-06-13 14:00:00,MGBRY,721
6633,10588,2023-06-13 14:00:00,FRDST,131
6633,10588,2023-06-13 14:00:00,SNKVM,148
6633,10588,2023-06-13 14:00:00,MGBRY,1085
6634,10589,2023-06-13 14:00:00,FRDST,91
6634,10589,2023-06-13 14:00:00,SNKVM,1073
6634,10589,2023-06-13 14:00:00,MGBRY,53
6635,10591,2023-06-13 14:00:00,FRDST,440
6635,10591,2023-06-13 14:00:00,SNKVM,190
6635,10591,2023-06-13 14:00:00,MGBRY,336
6636,10595,2023-06-13 14:00:00,FRDST,828
6636,10595,2023-06-13 14:00:00,SNKVM,869
6636,10595,2023-06-13 14:00:00,MGBRY,884
6637,10596,2023-06-13 14:00:00,FRDST,901
6637,10596,2023-06-13 14:00:00,SNKVM,1030
6637,10596,2023-06-13 14:00:00,MGBRY,446
6638,10597,2023-06-13 14:00:00,FRDST,1038
6638,10597,2023-06-13 14:00:00,SNKVM,238
6638,10597,2023-06-13 14:00:00,MGBRY,122
6639,10598,2023-06-13 14:00:00,FRDST,50
6639,10598,2023-06-13 14:00:00,SNKVM,666
6639,10598,2023-06-13 14:00:00,MGBRY,989
6640,10600,2023-06-13 14:00:00,FRDST,842
6640,10600,2023-06-13 14:00:00,SNKVM,103
6640,10600,2023-06-13 14:00:00,MGBRY,821
6641,10603,2023-06-13 14:00:00,FRDST,1062
6641,10603,2023-06-13 14:00:00,SNKVM,1070
6641,10603,2023-06-13 14:00:00,MGBRY,612
6642,10605,2023-06-13 14:00:00,FRDST,1065
6642,10605,2023-06-13 14:00:00,SNKVM,120
6642,10605,2023-06-13 14:00:00,MGBRY,246
6643,10606,2023-06-13 14:00:00,FRDST,341
6643,10606,2023-06-13 14:00:00,SNKVM,96
6643,10606,2023-06-13 14:00:00,MGBRY,777
6644,10607,2023-06-13 14:00:00,FRDST,823
6644,10607,2023-06-13 14:00:00,SNKVM,337
6644,10607,2023-06-13 14:00:00,MGBRY,703
6645,10610,2023-06-13 14:00:00,FRDST,476
6645,10610,2023-06-13 14:00:00,SNKVM,1133
6645,10610,2023-06-13 14:00:00,MGBRY,153
6646,10617,2023-06-13 14:00:00,FRDST,485
6646,10617,2023-06-13 14:00:00,SNKVM,770
6646,10617,2023-06-13 14:00:00,MGBRY,963
6647,10619,2023-06-13 14:00:00,FRDST,1184
6647,10619,2023-06-13 14:00:00,SNKVM,714
6647,10619,2023-06-13 14:00:00,MGBRY,339
6648,10621,2023-06-13 14:00:00,FRDST,1174
6648,10621,2023-06-13 14:00:00,SNKVM,355
6648,10621,2023-06-13 14:00:00,MGBRY,584
6649,10622,2023-06-13 14:00:00,FRDST,1152
6649,10622,2023-06-13 14:00:00,SNKVM,903
6649,10622,2023-06-13 14:00:00,MGBRY,624
6650,10623,2023-06-13 14:00:00,FRDST,943
6650,10623,2023-06-13 14:00:00,SNKVM,209
6650,10623,2023-06-13 14:00:00,MGBRY,766
6651,10625,2023-06-13 14:00:00,FRDST,596
6651,10625,2023-06-13 14:00:00,SNKVM,334
6651,10625,2023-06-13 14:00:00,MGBRY,304
6652,10626,2023-06-13 14:00:00,FRDST,789
6652,10626,2023-06-13 14:00:00,SNKVM,871
6652,10626,2023-06-13 14:00:00,MGBRY,627
6653,10627,2023-06-13 14:00:00,FRDST,209
6653,10627,2023-06-13 14:00:00,SNKVM,326
6653,10627,2023-06-13 14:00:00,MGBRY,458
6654,10628,2023-06-13 14:00:00,FRDST,560
6654,10628,2023-06-13 14:00:00,SNKVM,1014
6654,10628,2023-06-13 14:00:00,MGBRY,879
6655,10629,2023-06-13 14:00:00,FRDST,641
6655,10629,2023-06-13 14:00:00,SNKVM,647
6655,10629,2023-06-13 14:00:00,MGBRY,520
6656,10636,2023-06-13 14:00:00,FRDST,144
6656,10636,2023-06-13 14:00:00,SNKVM,1000
6656,10636,2023-06-13 14:00:00,MGBRY,958
6657,10637,2023-06-13 14:00:00,FRDST,995
6657,10637,2023-06-13 14:00:00,SNKVM,527
6657,10637,2023-06-13 14:00:00,MGBRY,479
6658,10640,2023-06-13 14:00:00,FRDST,425
6658,10640,2023-06-13 14:00:00,SNKVM,564
6658,10640,2023-06-13 14:00:00,MGBRY,1050
6659,10641,2023-06-13 14:00:00,FRDST,1085
6659,10641,2023-06-13 14:00:00,SNKVM,470
6659,10641,2023-06-13 14:00:00,MGBRY,538
6660,10643,2023-06-13 14:00:00,FRDST,168
6660,10643,2023-06-13 14:00:00,SNKVM,1064
6660,10643,2023-06-13 14:00:00,MGBRY,843
6661,10646,2023-06-13 14:00:00,FRDST,82
6661,10646,2023-06-13 14:00:00,SNKVM,965
6661,10646,2023-06-13 14:00:00,MGBRY,406
6662,10649,2023-06-13 14:00:00,FRDST,702
6662,10649,2023-06-13 14:00:00,SNKVM,1110
6662,10649,2023-06-13 14:00:00,MGBRY,912
6663,10650,2023-06-13 14:00:00,FRDST,655
6663,10650,2023-06-13 14:00:00,SNKVM,528
6663,10650,2023-06-13 14:00:00,MGBRY,921
6664,10651,2023-06-13 14:00:00,FRDST,275
6664,10651,2023-06-13 14:00:00,SNKVM,852
6664,10651,2023-06-13 14:00:00,MGBRY,1195
6665,10652,2023-06-13 14:00:00,FRDST,1200
6665,10652,2023-06-13 14:00:00,SNKVM,874
6665,10652,2023-06-13 14:00:00,MGBRY,512
6666,10654,2023-06-13 14:00:00,FRDST,856
6666,10654,2023-06-13 14:00:00,SNKVM,1185
6666,10654,2023-06-13 14:00:00,MGBRY,846
6667,10657,2023-06-13 14:00:00,FRDST,931
6667,10657,2023-06-13 14:00:00,SNKVM,446
6667,10657,2023-06-13 14:00:00,MGBRY,403
6668,10660,2023-06-13 14:00:00,FRDST,368
6668,10660,2023-06-13 14:00:00,SNKVM,398
6668,10660,2023-06-13 14:00:00,MGBRY,993
6669,10663,2023-06-13 14:00:00,FRDST,98
6669,10663,2023-06-13 14:00:00,SNKVM,1136
6669,10663,2023-06-13 14:00:00,MGBRY,295
6670,10666,2023-06-13 14:00:00,FRDST,1141
6670,10666,2023-06-13 14:00:00,SNKVM,374
6670,10666,2023-06-13 14:00:00,MGBRY,785
6671,10667,2023-06-13 14:00:00,FRDST,216
6671,10667,2023-06-13 14:00:00,SNKVM,932
6671,10667,2023-06-13 14:00:00,MGBRY,500
6672,10668,2023-06-13 14:00:00,FRDST,385
6672,10668,2023-06-13 14:00:00,SNKVM,308
6672,10668,2023-06-13 14:00:00,MGBRY,278
6673,10669,2023-06-13 14:00:00,FRDST,1055
6673,10669,2023-06-13 14:00:00,SNKVM,705
6673,10669,2023-06-13 14:00:00,MGBRY,391
6674,10670,2023-06-13 14:00:00,FRDST,689
6674,10670,2023-06-13 14:00:00,SNKVM,1063
6674,10670,2023-06-13 14:00:00,MGBRY,904
6675,10676,2023-06-13 14:00:00,FRDST,669
6675,10676,2023-06-13 14:00:00,SNKVM,150
6675,10676,2023-06-13 14:00:00,MGBRY,740
6676,10678,2023-06-13 14:00:00,FRDST,993
6676,10678,2023-06-13 14:00:00,SNKVM,748
6676,10678,2023-06-13 14:00:00,MGBRY,489
6677,10679,2023-06-13 14:00:00,FRDST,223
6677,10679,2023-06-13 14:00:00,SNKVM,1176
6677,10679,2023-06-13 14:00:00,MGBRY,669
6678,10680,2023-06-13 14:00:00,FRDST,847
6678,10680,2023-06-13 14:00:00,SNKVM,91
6678,10680,2023-06-13 14:00:00,MGBRY,1156
6679,10685,2023-06-13 14:00:00,FRDST,1122
6679,10685,2023-06-13 14:00:00,SNKVM,925
6679,10685,2023-06-13 14:00:00,MGBRY,1189
6680,10687,2023-06-13 14:00:00,FRDST,330
6680,10687,2023-06-13 14:00:00,SNKVM,822
6680,10687,2023-06-13 14:00:00,MGBRY,1108
6681,10688,2023-06-13 14:00:00,FRDST,906
6681,10688,2023-06-13 14:00:00,SNKVM,145
6681,10688,2023-06-13 14:00:00,MGBRY,1161
6682,10690,2023-06-13 14:00:00,FRDST,596
6682,10690,2023-06-13 14:00:00,SNKVM,848
6682,10690,2023-06-13 14:00:00,MGBRY,213
6683,10691,2023-06-13 14:00:00,FRDST,429
6683,10691,2023-06-13 14:00:00,SNKVM,1197
6683,10691,2023-06-13 14:00:00,MGBRY,116
6684,10709,2023-06-13 14:00:00,FRDST,516
6684,10709,2023-06-13 14:00:00,SNKVM,722
6684,10709,2023-06-13 14:00:00,MGBRY,757
6685,10710,2023-06-13 14:00:00,FRDST,763
6685,10710,2023-06-13 14:00:00,SNKVM,694
6685,10710,2023-06-13 14:00:00,MGBRY,1134
6686,10713,2023-06-13 14:00:00,FRDST,165
6686,10713,2023-06-13 14:00:00,SNKVM,93
6686,10713,2023-06-13 14:00:00,MGBRY,618
6687,10716,2023-06-13 14:00:00,FRDST,559
6687,10716,2023-06-13 14:00:00,SNKVM,193
6687,10716,2023-06-13 14:00:00,MGBRY,817
6688,10717,2023-06-13 14:00:00,FRDST,893
6688,10717,2023-06-13 14:00:00,SNKVM,118
6688,10717,2023-06-13 14:00:00,MGBRY,925
